id,pedido_id,producto_id,cantidad,precio_unitario,subtotal,notas_especiales
1,1,179,3,2229,6687,
2,1,177,3,6379,19137,
3,1,178,1,4605,4605,Consequatur fugiat quos odio.
4,2,215,3,8552,25656,
5,3,255,3,6584,19752,
6,3,251,3,7215,21645,
7,3,250,1,2549,2549,Tempore occaecati sed earum debitis.
8,3,256,1,8976,8976,
9,4,276,1,6650,6650,
10,4,274,1,2223,2223,
11,5,53,1,8754,8754,Iusto rerum praesentium. Quae nesciunt quidem.
12,5,49,3,6442,19326,
13,5,47,3,1554,4662,
14,5,50,1,8139,8139,
15,6,117,1,9409,9409,
16,7,272,2,3020,6040,
17,7,271,3,3207,9621,
18,8,204,3,1584,4752,
19,9,273,1,8482,8482,
20,9,271,3,3207,9621,
21,9,272,1,3020,3020,
22,10,57,1,11545,11545,
23,10,55,1,9600,9600,At unde maiores animi fuga.
24,11,53,3,8754,26262,
25,11,52,2,7592,15184,Nam sunt nesciunt.
26,11,50,1,8139,8139,
27,12,173,2,11626,23252,Veniam eaque minima eos modi.
28,12,174,3,1922,5766,
29,12,175,3,7345,22035,
30,13,188,3,5409,16227,Maiores dolorem occaecati praesentium.
31,13,191,1,4823,4823,Consectetur officia eius in minima ut laboriosam.
32,14,100,2,11524,23048,Minima hic repellat dolor quasi.
33,15,191,2,4823,9646,
34,15,192,3,10008,30024,
35,16,19,3,4510,13530,
36,17,49,2,6442,12884,
37,17,47,3,1554,4662,
38,17,48,2,11229,22458,
39,18,3,3,2492,7476,
40,18,2,3,2218,6654,
41,18,5,3,3216,9648,
42,19,266,1,1789,1789,Recusandae soluta recusandae id.
43,19,270,3,2441,7323,Aliquam rem exercitationem provident ipsa hic.
44,20,3,1,2492,2492,
45,20,2,3,2218,6654,
46,21,26,3,9391,28173,
47,21,31,1,9801,9801,
48,22,158,2,7044,14088,
49,22,154,2,9354,18708,
50,23,46,3,5990,17970,
51,24,273,1,8482,8482,
52,24,272,3,3020,9060,
53,24,271,1,3207,3207,
54,25,178,2,4605,9210,
55,25,177,3,6379,19137,
56,25,179,3,2229,6687,Sed ipsa sunt eveniet expedita veritatis.
57,26,179,1,2229,2229,
58,26,178,2,4605,9210,
59,26,177,1,6379,6379,Necessitatibus tenetur tenetur ratione.
60,27,185,2,3690,7380,
61,27,186,3,11180,33540,Totam delectus deleniti nostrum voluptas dolorem.
62,27,187,3,4279,12837,
63,28,148,2,8728,17456,
64,28,147,1,10445,10445,
65,29,45,2,3333,6666,
66,29,43,1,1984,1984,
67,30,85,1,5447,5447,
68,31,139,2,4139,8278,
69,31,134,1,6024,6024,
70,32,175,2,7345,14690,Reiciendis earum maxime placeat iusto quod.
71,32,176,3,9521,28563,Eius enim maiores.
72,33,194,3,10834,32502,
73,33,193,2,2805,5610,
74,33,195,3,6940,20820,Animi quas repellendus.
75,34,76,2,10820,21640,
76,34,73,3,5011,15033,
77,34,75,1,11732,11732,
78,34,74,3,2464,7392,
79,35,177,1,6379,6379,
80,35,179,3,2229,6687,
81,35,178,1,4605,4605,
82,36,77,3,2417,7251,Culpa sint ea ipsum. Iste nisi repellendus optio.
83,36,78,1,6765,6765,
84,36,74,2,2464,4928,
85,36,76,1,10820,10820,
86,37,271,3,3207,9621,
87,37,273,3,8482,25446,
88,38,272,2,3020,6040,Corporis eaque eveniet et iusto vitae inventore.
89,39,174,3,1922,5766,Ex non omnis explicabo.
90,39,175,3,7345,22035,
91,39,176,2,9521,19042,
92,39,173,3,11626,34878,
93,40,8,3,9922,29766,
94,40,11,1,2622,2622,
95,40,10,2,10859,21718,
96,40,9,3,8995,26985,Perspiciatis vero cum a repudiandae recusandae.
97,41,146,2,4571,9142,
98,41,145,1,5776,5776,
99,41,144,3,9076,27228,Quasi aperiam dolorum quo aliquid.
100,42,211,3,2882,8646,
101,42,208,3,4480,13440,
102,42,212,1,5297,5297,Repellendus ea minima laudantium.
103,42,207,3,9939,29817,
104,43,261,2,8685,17370,Laborum quis nam quam odio ad.
105,44,54,3,7520,22560,Repellendus amet vero autem eum.
106,44,57,2,11545,23090,
107,45,28,3,10524,31572,
108,45,27,3,10234,30702,Adipisci consectetur nisi nam mollitia.
109,45,29,2,5237,10474,
110,45,30,2,7823,15646,
111,46,53,3,8754,26262,
112,46,49,2,6442,12884,
113,46,51,1,6676,6676,
114,47,27,1,10234,10234,
115,47,28,3,10524,31572,
116,48,273,2,8482,16964,
117,48,272,3,3020,9060,Iure rerum quibusdam dignissimos voluptate.
118,49,72,2,7860,15720,Rem nulla expedita.
119,49,69,1,11228,11228,Ipsam hic quam totam asperiores eos.
120,49,67,2,3245,6490,
121,50,30,3,7823,23469,
122,50,26,1,9391,9391,Fuga error fugiat ipsum.
123,50,27,3,10234,30702,Ratione facere officiis velit.
124,50,28,1,10524,10524,Quasi vel reiciendis atque sunt temporibus.
125,51,109,3,10763,32289,Minus odit dolorum sint.
126,52,138,3,5681,17043,
127,52,139,1,4139,4139,
128,52,137,1,10235,10235,
129,52,136,2,9075,18150,
130,53,245,1,6163,6163,
131,54,205,3,1516,4548,
132,54,201,3,8359,25077,
133,54,202,1,6999,6999,
134,55,180,2,4550,9100,
135,55,182,1,10707,10707,Ab nisi ipsa cum.
136,55,184,1,10825,10825,
137,55,183,3,6913,20739,
138,56,146,3,4571,13713,
139,56,144,2,9076,18152,
140,56,145,1,5776,5776,
141,57,150,2,9947,19894,
142,57,148,3,8728,26184,
143,57,152,3,10974,32922,
144,57,151,1,6936,6936,Sapiente nulla maiores.
145,58,178,1,4605,4605,
146,58,179,3,2229,6687,
147,58,177,3,6379,19137,
148,59,272,2,3020,6040,
149,59,273,1,8482,8482,
150,59,271,3,3207,9621,
151,60,167,2,11128,22256,
152,61,162,3,9707,29121,
153,61,160,2,5856,11712,
154,62,218,1,5336,5336,
155,62,217,3,3771,11313,
156,62,213,3,2184,6552,
157,62,215,3,8552,25656,
158,63,27,3,10234,30702,Maxime corporis hic cum recusandae.
159,64,35,1,1899,1899,Veniam dolore quia dolorem inventore esse.
160,65,268,2,10040,20080,Velit quam possimus.
161,65,270,3,2441,7323,Beatae fugiat possimus aliquam.
162,65,265,3,4077,12231,
163,65,266,3,1789,5367,
164,66,149,1,5345,5345,
165,66,150,3,9947,29841,
166,66,147,3,10445,31335,
167,66,152,1,10974,10974,
168,67,96,3,2567,7701,
169,68,181,2,3993,7986,Repudiandae ab accusantium quibusdam.
170,68,184,2,10825,21650,Eaque iste ab ipsam repudiandae harum laborum.
171,68,180,1,4550,4550,
172,69,194,3,10834,32502,Quo blanditiis praesentium.
173,69,193,2,2805,5610,
174,70,68,3,3227,9681,
175,71,170,2,8180,16360,
176,71,169,2,8076,16152,
177,72,257,3,1577,4731,
178,72,255,2,6584,13168,
179,72,254,1,3210,3210,Rem eveniet earum ducimus quam.
180,72,250,1,2549,2549,
181,73,142,3,7171,21513,Maxime aliquid ut et excepturi eum nostrum.
182,73,140,3,3235,9705,Sint harum at illum sit ipsum.
183,73,141,2,1569,3138,
184,73,143,3,1819,5457,
185,74,42,2,2982,5964,
186,74,41,2,3837,7674,
187,75,81,1,6710,6710,
188,75,84,2,3027,6054,At facilis error delectus a necessitatibus.
189,75,83,2,10070,20140,
190,76,254,2,3210,6420,
191,76,250,1,2549,2549,
192,76,251,3,7215,21645,
193,76,255,3,6584,19752,Itaque recusandae ipsa tempora beatae similique.
194,77,136,3,9075,27225,
195,78,164,2,6426,12852,
196,78,162,2,9707,19414,
197,78,159,2,4883,9766,
198,79,231,3,9909,29727,
199,80,258,2,6486,12972,
200,80,262,1,3263,3263,
201,81,236,1,4328,4328,
202,81,238,1,11513,11513,
203,82,77,1,2417,2417,Sunt eos excepturi.
204,82,79,2,5585,11170,
205,82,73,2,5011,10022,
206,83,176,2,9521,19042,
207,83,174,1,1922,1922,
208,83,173,1,11626,11626,
209,83,175,1,7345,7345,
210,84,124,2,5031,10062,Aut earum ipsa facilis maxime.
211,84,127,1,10416,10416,
212,84,126,2,10343,20686,
213,85,54,1,7520,7520,
214,86,106,1,9459,9459,
215,86,104,2,5095,10190,
216,86,107,2,3458,6916,
217,87,54,1,7520,7520,
218,88,46,1,5990,5990,
219,88,44,3,6298,18894,
220,88,45,3,3333,9999,
221,89,174,3,1922,5766,
222,89,173,2,11626,23252,
223,89,176,3,9521,28563,
224,90,77,1,2417,2417,
225,90,76,1,10820,10820,
226,90,75,3,11732,35196,
227,91,155,2,8980,17960,
228,91,158,2,7044,14088,
229,91,153,3,6302,18906,
230,91,156,1,6733,6733,
231,92,190,2,4952,9904,
232,92,192,2,10008,20016,
233,92,191,1,4823,4823,
234,92,188,2,5409,10818,
235,93,112,1,11039,11039,
236,93,113,2,7117,14234,
237,94,273,2,8482,16964,
238,94,271,1,3207,3207,
239,94,272,3,3020,9060,
240,95,95,2,5073,10146,
241,95,92,2,11588,23176,
242,95,94,3,1711,5133,
243,95,96,1,2567,2567,
244,96,150,2,9947,19894,
245,96,147,1,10445,10445,Commodi temporibus neque sapiente.
246,96,149,3,5345,16035,
247,97,241,2,6559,13118,
248,97,239,2,4746,9492,
249,97,240,2,11849,23698,
250,97,243,3,1579,4737,
251,98,62,1,2816,2816,
252,99,129,3,6591,19773,
253,99,133,2,2638,5276,
254,99,131,2,7980,15960,Beatae hic ullam saepe nobis maxime veniam.
255,100,51,1,6676,6676,
256,100,48,1,11229,11229,
257,100,52,3,7592,22776,
258,101,44,1,6298,6298,
259,102,43,3,1984,5952,
260,102,44,3,6298,18894,
261,102,45,1,3333,3333,
262,102,46,2,5990,11980,
263,103,44,1,6298,6298,
264,103,45,1,3333,3333,
265,103,43,2,1984,3968,
266,104,188,3,5409,16227,
267,104,192,1,10008,10008,
268,104,189,2,5501,11002,Hic ut possimus fuga illo laboriosam animi.
269,105,238,3,11513,34539,
270,105,237,2,4618,9236,
271,105,236,3,4328,12984,
272,106,110,2,5957,11914,
273,106,109,3,10763,32289,
274,106,108,1,3443,3443,
275,107,98,2,6530,13060,Odio eveniet numquam fugiat.
276,107,101,2,11852,23704,
277,107,99,1,7896,7896,Eum ducimus quos.
278,108,192,3,10008,30024,
279,109,81,1,6710,6710,Deserunt sit aspernatur facere est quidem autem.
280,109,83,3,10070,30210,
281,109,80,1,6875,6875,
282,109,82,1,10962,10962,
283,110,89,3,4105,12315,Nisi accusantium delectus minima saepe quidem.
284,110,88,3,9368,28104,
285,110,91,2,2970,5940,
286,110,90,1,7788,7788,
287,111,43,1,1984,1984,
288,111,46,3,5990,17970,
289,111,44,1,6298,6298,
290,112,185,1,3690,3690,
291,113,190,3,4952,14856,
292,113,189,3,5501,16503,
293,114,9,1,8995,8995,
294,114,11,1,2622,2622,
295,114,10,1,10859,10859,A animi tempora quis mollitia fuga.
296,114,8,2,9922,19844,
297,115,223,3,2577,7731,
298,115,225,1,5939,5939,
299,116,131,3,7980,23940,
300,116,130,3,7053,21159,
301,116,129,1,6591,6591,Cupiditate cumque rerum quam.
302,116,128,1,6440,6440,
303,117,160,1,5856,5856,Quae tempore voluptatem omnis.
304,117,159,1,4883,4883,
305,117,165,2,11836,23672,Et reprehenderit ullam. Id est quod at provident.
306,117,163,3,7481,22443,
307,118,111,2,5533,11066,
308,119,121,1,5681,5681,
309,119,123,1,6339,6339,Labore quibusdam odio commodi.
310,119,124,1,5031,5031,Totam blanditiis sequi.
311,119,126,3,10343,31029,Iusto officiis facilis nemo eligendi dolorum.
312,120,89,3,4105,12315,
313,120,91,3,2970,8910,Maiores nihil veniam dolore itaque.
314,120,86,1,8262,8262,
315,120,87,1,9521,9521,
316,121,57,3,11545,34635,
317,121,56,1,7841,7841,
318,121,54,3,7520,22560,
319,121,58,3,6672,20016,
320,122,98,2,6530,13060,Iure perferendis voluptate possimus vel.
321,123,14,2,7585,15170,
322,123,18,3,5545,16635,
323,123,15,2,2649,5298,
324,124,76,3,10820,32460,
325,124,73,3,5011,15033,
326,124,75,1,11732,11732,
327,124,77,2,2417,4834,Cumque earum rerum esse enim odit.
328,125,176,1,9521,9521,
329,125,173,2,11626,23252,
330,125,174,3,1922,5766,
331,125,175,3,7345,22035,
332,126,4,1,7091,7091,
333,126,3,3,2492,7476,
334,126,6,3,3388,10164,
335,127,176,1,9521,9521,
336,128,177,1,6379,6379,
337,128,179,2,2229,4458,In quos nesciunt excepturi iusto velit qui.
338,128,178,3,4605,13815,Alias aperiam rem possimus.
339,129,8,2,9922,19844,
340,129,7,2,3624,7248,
341,130,177,1,6379,6379,
342,130,178,1,4605,4605,Nihil iste earum veritatis incidunt.
343,130,179,2,2229,4458,
344,131,237,2,4618,9236,
345,131,236,3,4328,12984,
346,131,238,3,11513,34539,
347,132,56,2,7841,15682,
348,132,57,3,11545,34635,
349,133,111,2,5533,11066,
350,133,112,3,11039,33117,
351,134,1,2,5074,10148,
352,135,111,1,5533,5533,
353,135,113,2,7117,14234,In expedita facilis. Id magnam esse inventore.
354,135,112,1,11039,11039,Laborum quae voluptate.
355,136,35,2,1899,3798,
356,136,38,2,2859,5718,
357,137,154,3,9354,28062,
358,137,157,3,7999,23997,Atque fuga porro voluptas. Modi ipsa quibusdam.
359,137,158,1,7044,7044,Animi dignissimos eaque pariatur.
360,138,84,3,3027,9081,
361,138,80,1,6875,6875,
362,138,81,3,6710,20130,
363,139,240,3,11849,35547,Cum consequatur accusamus id aut.
364,139,239,2,4746,9492,Explicabo voluptates expedita corporis.
365,139,243,1,1579,1579,
366,139,242,1,5325,5325,
367,140,191,3,4823,14469,
368,140,188,3,5409,16227,
369,141,40,2,6157,12314,Aut animi natus vitae totam sunt neque qui.
370,141,42,2,2982,5964,
371,141,41,1,3837,3837,
372,142,180,3,4550,13650,Neque labore accusamus nulla iure odit qui.
373,142,181,2,3993,7986,
374,142,183,3,6913,20739,
375,142,184,2,10825,21650,
376,143,208,2,4480,8960,
377,143,209,1,7056,7056,
378,143,207,2,9939,19878,
379,143,206,2,3686,7372,
380,144,43,3,1984,5952,
381,144,46,1,5990,5990,Maxime consectetur quam voluptatum.
382,144,45,2,3333,6666,
383,145,240,2,11849,23698,
384,145,242,2,5325,10650,
385,145,243,2,1579,3158,
386,145,239,2,4746,9492,
387,146,181,1,3993,3993,
388,146,182,3,10707,32121,Nam officia quidem placeat.
389,146,183,3,6913,20739,
390,147,230,3,8886,26658,
391,147,228,1,4231,4231,
392,148,27,3,10234,30702,Culpa dolorem quos. Facilis quisquam nisi quidem.
393,148,26,3,9391,28173,
394,149,214,1,10662,10662,
395,149,215,2,8552,17104,
396,149,217,2,3771,7542,
397,150,249,1,7149,7149,
398,150,246,1,11656,11656,
399,151,145,2,5776,11552,
400,151,146,1,4571,4571,
401,151,144,3,9076,27228,
402,152,71,3,4810,14430,
403,152,68,1,3227,3227,Dolorum culpa nihil dolore consequatur.
404,152,70,1,5076,5076,
405,153,270,1,2441,2441,
406,153,264,2,4099,8198,Voluptatem cum aliquam vero deleniti accusantium.
407,154,132,2,8663,17326,
408,155,193,3,2805,8415,
409,156,109,3,10763,32289,
410,156,110,2,5957,11914,
411,156,108,3,3443,10329,
412,157,30,1,7823,7823,
413,158,275,3,3115,9345,
414,159,65,1,9489,9489,Aliquid alias assumenda ex impedit.
415,159,62,1,2816,2816,
416,159,63,3,2996,8988,
417,159,60,2,7521,15042,
418,160,263,2,7080,14160,
419,160,258,3,6486,19458,
420,160,262,1,3263,3263,
421,161,182,3,10707,32121,Inventore maiores assumenda minima nobis beatae.
422,161,180,3,4550,13650,
423,161,184,2,10825,21650,
424,162,244,1,7482,7482,Mollitia natus ducimus sapiente placeat non.
425,163,198,2,5231,10462,
426,163,200,1,6030,6030,
427,163,196,2,6959,13918,
428,164,107,1,3458,3458,Pariatur culpa facere quas facilis iure quas.
429,164,104,2,5095,10190,
430,165,166,2,11489,22978,
431,165,171,2,2963,5926,
432,165,168,2,11473,22946,
433,166,173,3,11626,34878,Voluptatum explicabo blanditiis mollitia autem.
434,166,174,3,1922,5766,
435,167,113,2,7117,14234,
436,167,111,2,5533,11066,
437,167,112,3,11039,33117,
438,168,126,1,10343,10343,
439,168,124,3,5031,15093,
440,168,127,3,10416,31248,
441,168,123,3,6339,19017,
442,169,171,1,2963,2963,Quo facilis omnis expedita repellendus.
443,170,184,2,10825,21650,
444,171,175,2,7345,14690,
445,172,24,2,6978,13956,Officia repudiandae ipsam.
446,172,19,2,4510,9020,
447,172,23,2,4239,8478,Quod voluptates sint animi vero nesciunt.
448,172,21,3,5044,15132,
449,173,57,2,11545,23090,
450,173,56,2,7841,15682,
451,173,54,2,7520,15040,
452,173,55,3,9600,28800,Sed ipsum quasi asperiores cum a sunt.
453,174,41,1,3837,3837,
454,174,40,1,6157,6157,Vitae iste iure doloribus maxime dolore et.
455,175,200,3,6030,18090,Veniam ratione velit iusto laudantium dicta.
456,175,199,3,10787,32361,Velit eum autem distinctio laudantium in.
457,175,197,3,11228,33684,
458,175,198,1,5231,5231,
459,176,86,1,8262,8262,
460,176,89,2,4105,8210,
461,176,87,3,9521,28563,
462,176,85,3,5447,16341,
463,177,121,1,5681,5681,
464,177,124,3,5031,15093,
465,178,232,3,5414,16242,
466,178,228,1,4231,4231,Accusantium tempore expedita voluptas ducimus.
467,179,105,3,10795,32385,Officiis laboriosam itaque perspiciatis.
468,179,104,2,5095,10190,
469,179,102,1,6781,6781,
470,180,177,3,6379,19137,
471,180,178,1,4605,4605,
472,181,252,2,7142,14284,
473,182,13,3,10381,31143,
474,182,18,2,5545,11090,Possimus laudantium numquam at veniam.
475,182,17,2,11276,22552,
476,182,14,3,7585,22755,Quo doloremque praesentium atque.
477,183,100,1,11524,11524,Distinctio natus sint placeat architecto.
478,184,272,1,3020,3020,
479,184,271,2,3207,6414,
480,185,163,2,7481,14962,
481,186,28,3,10524,31572,
482,187,99,2,7896,15792,
483,188,150,1,9947,9947,
484,188,152,1,10974,10974,
485,189,205,3,1516,4548,
486,189,202,2,6999,13998,
487,189,201,3,8359,25077,
488,190,75,3,11732,35196,
489,190,76,2,10820,21640,
490,190,77,1,2417,2417,
491,191,183,1,6913,6913,
492,192,122,1,11713,11713,
493,192,126,1,10343,10343,
494,193,146,2,4571,9142,
495,193,144,3,9076,27228,
496,193,145,2,5776,11552,
497,194,111,2,5533,11066,
498,194,113,2,7117,14234,
499,194,112,1,11039,11039,
500,195,140,3,3235,9705,
501,195,142,1,7171,7171,Cumque sunt atque corrupti laudantium.
502,196,17,3,11276,33828,
503,197,146,1,4571,4571,
504,197,145,1,5776,5776,
505,198,113,2,7117,14234,
506,199,199,1,10787,10787,
507,199,197,2,11228,22456,
508,199,200,2,6030,12060,
509,199,196,1,6959,6959,Vitae facere vel omnis officia amet adipisci.
510,200,17,1,11276,11276,Molestias sequi ratione velit sapiente neque.
511,201,63,3,2996,8988,
512,202,207,1,9939,9939,Facere facere hic aliquam nihil et laudantium.
513,202,212,1,5297,5297,
514,202,206,3,3686,11058,
515,202,211,2,2882,5764,
516,203,263,2,7080,14160,
517,203,258,1,6486,6486,Et quos amet tempora sit nulla.
518,203,261,1,8685,8685,Dolorem rem pariatur molestiae.
519,204,56,3,7841,23523,
520,204,55,3,9600,28800,Molestiae saepe dolorem tenetur ab.
521,204,54,1,7520,7520,
522,204,57,3,11545,34635,
523,205,268,2,10040,20080,Temporibus adipisci autem tenetur alias.
524,205,269,3,4268,12804,
525,205,265,1,4077,4077,
526,205,267,1,2537,2537,
527,206,151,3,6936,20808,
528,206,149,1,5345,5345,
529,206,148,1,8728,8728,
530,207,153,1,6302,6302,
531,207,158,2,7044,14088,
532,207,156,1,6733,6733,
533,208,60,1,7521,7521,
534,209,24,3,6978,20934,
535,210,193,3,2805,8415,
536,211,75,1,11732,11732,
537,211,78,2,6765,13530,
538,211,74,3,2464,7392,
539,212,235,1,4890,4890,Porro vel neque dolore enim consectetur.
540,212,229,3,6725,20175,
541,213,191,3,4823,14469,
542,213,192,3,10008,30024,
543,213,190,2,4952,9904,Quas iusto distinctio debitis quia.
544,214,75,3,11732,35196,
545,215,236,1,4328,4328,
546,215,237,2,4618,9236,
547,216,147,2,10445,20890,
548,216,150,3,9947,29841,
549,216,152,3,10974,32922,
550,217,36,3,6042,18126,
551,217,32,3,3871,11613,
552,218,99,3,7896,23688,
553,218,100,3,11524,34572,
554,218,101,3,11852,35556,
555,218,98,1,6530,6530,
556,219,49,1,6442,6442,
557,219,53,3,8754,26262,
558,220,92,1,11588,11588,
559,221,241,3,6559,19677,
560,221,240,3,11849,35547,
561,221,239,2,4746,9492,
562,221,243,1,1579,1579,
563,222,145,3,5776,17328,
564,222,144,3,9076,27228,Assumenda enim fuga delectus laborum.
565,222,146,3,4571,13713,
566,223,99,2,7896,15792,
567,223,98,3,6530,19590,Maxime praesentium doloribus beatae asperiores.
568,224,180,1,4550,4550,Dolores officia nihil repellat.
569,224,181,3,3993,11979,
570,224,182,3,10707,32121,
571,225,2,3,2218,6654,
572,225,6,1,3388,3388,Commodi quo culpa magnam iste nostrum quis.
573,225,4,3,7091,21273,
574,226,26,2,9391,18782,
575,227,254,2,3210,6420,
576,227,252,1,7142,7142,
577,227,256,3,8976,26928,
578,228,8,1,9922,9922,
579,228,9,1,8995,8995,
580,229,12,2,7236,14472,
581,229,18,2,5545,11090,
582,229,15,3,2649,7947,
583,230,145,3,5776,17328,Ex perspiciatis vel laboriosam.
584,231,186,3,11180,33540,
585,231,187,1,4279,4279,Possimus odit sint ab repellendus molestias.
586,231,185,1,3690,3690,
587,232,177,1,6379,6379,
588,233,109,3,10763,32289,Qui quidem ab voluptatem itaque magni.
589,234,227,3,3864,11592,Ullam odio expedita veniam optio sapiente vitae.
590,234,225,1,5939,5939,
591,234,224,3,6513,19539,
592,235,187,1,4279,4279,Debitis animi hic perferendis velit.
593,235,186,2,11180,22360,
594,235,185,3,3690,11070,
595,236,180,2,4550,9100,
596,236,181,2,3993,7986,
597,236,184,2,10825,21650,
598,236,182,3,10707,32121,Quis hic officiis. Reiciendis eius unde ab.
599,237,208,1,4480,4480,
600,237,211,1,2882,2882,Ex iure ex aliquam.
601,237,212,3,5297,15891,
602,238,108,3,3443,10329,
603,238,110,2,5957,11914,
604,238,109,1,10763,10763,Rem ipsum officiis maxime odio accusantium.
605,239,112,1,11039,11039,
606,239,113,1,7117,7117,
607,239,111,1,5533,5533,
608,240,210,1,4002,4002,
609,240,209,2,7056,14112,
610,240,208,3,4480,13440,
611,241,218,3,5336,16008,
612,241,215,2,8552,17104,
613,242,147,2,10445,20890,
614,242,151,2,6936,13872,
615,242,149,2,5345,10690,
616,242,150,1,9947,9947,
617,243,56,2,7841,15682,
618,244,186,3,11180,33540,
619,245,223,3,2577,7731,
620,245,221,3,7682,23046,
621,246,1,2,5074,10148,Dicta nostrum sapiente.
622,246,5,2,3216,6432,
623,246,6,3,3388,10164,
624,246,4,1,7091,7091,
625,247,77,2,2417,4834,
626,248,140,3,3235,9705,
627,248,142,3,7171,21513,
628,248,141,1,1569,1569,
629,249,50,2,8139,16278,Eveniet placeat quo sint voluptatibus.
630,249,48,2,11229,22458,
631,249,53,2,8754,17508,
632,249,47,2,1554,3108,
633,250,268,2,10040,20080,
634,251,156,2,6733,13466,
635,251,153,2,6302,12604,
636,251,154,1,9354,9354,
637,252,64,1,1896,1896,Quas expedita perspiciatis error expedita.
638,253,18,2,5545,11090,
639,253,14,2,7585,15170,
640,254,62,1,2816,2816,
641,254,59,1,11604,11604,
642,255,201,1,8359,8359,
643,255,202,2,6999,13998,
644,255,205,1,1516,1516,
645,256,118,1,8424,8424,Earum laborum repellendus quas.
646,256,119,1,5409,5409,
647,257,92,3,11588,34764,
648,257,94,3,1711,5133,
649,258,175,3,7345,22035,
650,258,174,1,1922,1922,
651,258,176,2,9521,19042,
652,259,176,3,9521,28563,
653,259,174,3,1922,5766,Dolorem soluta tempora accusamus nobis.
654,259,173,2,11626,23252,
655,260,6,1,3388,3388,
656,260,5,2,3216,6432,Veniam minus veniam. Aut voluptatum illum maxime.
657,260,3,3,2492,7476,
658,261,156,2,6733,13466,Nam voluptatibus ipsa id reprehenderit.
659,261,158,1,7044,7044,
660,261,154,1,9354,9354,
661,261,157,1,7999,7999,
662,262,237,1,4618,4618,
663,263,67,3,3245,9735,
664,264,174,2,1922,3844,
665,264,176,2,9521,19042,
666,265,242,3,5325,15975,
667,265,239,3,4746,14238,
668,265,241,1,6559,6559,
669,265,240,1,11849,11849,
670,266,138,2,5681,11362,
671,267,5,1,3216,3216,
672,267,6,1,3388,3388,Maxime tempore amet ex quas est deserunt quaerat.
673,268,208,2,4480,8960,
674,268,207,1,9939,9939,
675,268,206,2,3686,7372,
676,269,3,3,2492,7476,
677,270,262,2,3263,6526,
678,270,258,2,6486,12972,Ut debitis reprehenderit blanditiis quod error.
679,270,259,1,9618,9618,
680,270,263,1,7080,7080,
681,271,7,1,3624,3624,
682,271,9,1,8995,8995,
683,271,8,1,9922,9922,Nostrum illum numquam expedita corrupti.
684,271,11,1,2622,2622,
685,272,213,3,2184,6552,
686,273,272,2,3020,6040,
687,273,271,3,3207,9621,
688,274,166,1,11489,11489,
689,275,121,3,5681,17043,
690,275,125,2,2746,5492,
691,276,10,1,10859,10859,
692,276,9,2,8995,17990,
693,277,78,3,6765,20295,
694,278,173,2,11626,23252,
695,278,176,2,9521,19042,
696,278,174,3,1922,5766,
697,279,272,3,3020,9060,Autem dolore enim repudiandae dolorem sint.
698,280,119,2,5409,10818,Maiores atque dolor odio.
699,280,116,1,7532,7532,
700,280,120,3,11711,35133,
701,281,253,3,11510,34530,
702,282,141,1,1569,1569,
703,282,140,1,3235,3235,Atque optio a debitis quisquam.
704,283,180,3,4550,13650,
705,283,182,2,10707,21414,
706,283,181,2,3993,7986,
707,284,199,3,10787,32361,Porro eum illum delectus vitae reiciendis et.
708,284,197,2,11228,22456,
709,285,64,3,1896,5688,Fuga assumenda consequuntur fugit tempora.
710,285,60,2,7521,15042,
711,286,132,2,8663,17326,Consequuntur sapiente distinctio voluptate enim.
712,287,108,2,3443,6886,
713,287,109,3,10763,32289,
714,287,110,3,5957,17871,
715,288,82,3,10962,32886,Doloremque sequi amet laudantium quaerat libero.
716,289,138,3,5681,17043,
717,289,139,3,4139,12417,
718,289,136,3,9075,27225,
719,289,135,3,2377,7131,Sint corrupti eaque. Unde quasi ratione esse.
720,290,132,2,8663,17326,
721,290,133,1,2638,2638,
722,290,130,1,7053,7053,
723,291,122,3,11713,35139,
724,291,121,3,5681,17043,
725,292,195,1,6940,6940,
726,293,15,2,2649,5298,Magni saepe velit fugit voluptatum.
727,294,171,3,2963,8889,
728,294,167,1,11128,11128,
729,295,91,3,2970,8910,
730,296,242,2,5325,10650,
731,296,241,2,6559,13118,
732,297,89,1,4105,4105,
733,297,86,3,8262,24786,
734,298,189,1,5501,5501,
735,298,188,2,5409,10818,
736,299,205,1,1516,1516,
737,299,204,2,1584,3168,
738,299,201,1,8359,8359,
739,300,122,2,11713,23426,
740,300,121,1,5681,5681,
741,301,35,3,1899,5697,
742,301,36,3,6042,18126,
743,301,37,3,8490,25470,Cupiditate corrupti quis corrupti.
744,301,39,2,3512,7024,Similique dolorem id saepe magnam similique.
745,302,197,3,11228,33684,
746,303,261,2,8685,17370,
747,304,135,2,2377,4754,
748,304,134,3,6024,18072,
749,304,139,2,4139,8278,Voluptatibus enim ipsa asperiores sequi.
750,304,136,1,9075,9075,
751,305,197,2,11228,22456,
752,305,198,2,5231,10462,Doloremque fuga quae nostrum tempora.
753,306,214,1,10662,10662,
754,306,218,2,5336,10672,
755,306,216,3,6834,20502,
756,306,213,3,2184,6552,
757,307,238,3,11513,34539,
758,307,236,3,4328,12984,Possimus laudantium ipsam reprehenderit nihil.
759,307,237,1,4618,4618,Sapiente facere aperiam suscipit blanditiis.
760,308,156,1,6733,6733,
761,308,155,3,8980,26940,Molestias laboriosam consequatur aliquid magnam.
762,309,197,3,11228,33684,
763,309,199,3,10787,32361,
764,309,198,1,5231,5231,
765,309,196,1,6959,6959,
766,310,77,3,2417,7251,Consequatur quo non corporis.
767,310,74,1,2464,2464,
768,311,189,2,5501,11002,
769,311,188,3,5409,16227,
770,311,192,3,10008,30024,
771,312,220,2,4879,9758,
772,312,227,1,3864,3864,
773,312,221,2,7682,15364,
774,313,161,1,8344,8344,
775,313,163,1,7481,7481,Ipsa eum est iste explicabo unde magnam.
776,313,160,3,5856,17568,
777,313,165,3,11836,35508,Quo asperiores itaque sed.
778,314,272,2,3020,6040,
779,314,273,1,8482,8482,
780,314,271,1,3207,3207,
781,315,105,3,10795,32385,
782,315,103,1,7733,7733,
783,315,104,2,5095,10190,Architecto quae tenetur aspernatur expedita.
784,315,106,2,9459,18918,
785,316,120,3,11711,35133,
786,317,95,1,5073,5073,
787,318,40,2,6157,12314,
788,318,41,1,3837,3837,
789,318,42,1,2982,2982,
790,319,61,2,5606,11212,
791,319,63,3,2996,8988,
792,319,60,1,7521,7521,
793,320,205,3,1516,4548,
794,320,203,1,2838,2838,
795,320,201,2,8359,16718,
796,320,202,2,6999,13998,
797,321,276,3,6650,19950,
798,321,274,3,2223,6669,
799,322,187,1,4279,4279,
800,322,186,2,11180,22360,Ea maxime aliquam ullam doloremque quisquam quia.
801,323,116,2,7532,15064,
802,324,83,3,10070,30210,
803,324,82,3,10962,32886,Delectus possimus esse labore vero dolorem.
804,324,80,1,6875,6875,Quod odit odio minus eaque.
805,324,84,1,3027,3027,
806,325,191,1,4823,4823,
807,325,189,2,5501,11002,Consectetur repellendus laudantium quibusdam.
808,325,190,3,4952,14856,
809,325,188,2,5409,10818,
810,326,13,1,10381,10381,
811,326,18,3,5545,16635,
812,327,201,1,8359,8359,
813,327,204,3,1584,4752,
814,328,208,2,4480,8960,
815,329,272,2,3020,6040,
816,329,271,1,3207,3207,
817,329,273,1,8482,8482,
818,330,53,1,8754,8754,
819,330,52,2,7592,15184,
820,331,144,2,9076,18152,Saepe perspiciatis iure debitis aut.
821,331,145,2,5776,11552,
822,331,146,3,4571,13713,
823,332,152,1,10974,10974,
824,332,147,1,10445,10445,Unde cumque pariatur.
825,333,102,1,6781,6781,
826,333,103,2,7733,15466,Corporis culpa facilis illum fuga aliquam.
827,334,26,2,9391,18782,
828,334,30,1,7823,7823,
829,334,28,3,10524,31572,
830,334,31,3,9801,29403,Voluptatum vitae qui.
831,335,236,2,4328,8656,Facilis reiciendis error vitae illo.
832,335,237,2,4618,9236,
833,335,238,1,11513,11513,
834,336,246,1,11656,11656,
835,336,249,3,7149,21447,
836,336,247,3,8887,26661,
837,337,3,3,2492,7476,
838,338,149,2,5345,10690,
839,339,76,3,10820,32460,
840,339,74,1,2464,2464,Neque totam amet. Quod ad magni sunt.
841,339,75,1,11732,11732,
842,340,12,3,7236,21708,
843,340,13,2,10381,20762,
844,341,58,2,6672,13344,
845,342,17,1,11276,11276,
846,343,198,1,5231,5231,
847,343,197,3,11228,33684,
848,343,196,2,6959,13918,
849,344,42,3,2982,8946,
850,344,40,1,6157,6157,Ad officia porro dolores assumenda doloribus.
851,345,276,1,6650,6650,
852,345,275,1,3115,3115,
853,345,274,3,2223,6669,Corporis minima minus voluptas.
854,346,119,3,5409,16227,Ex tempore laudantium.
855,346,116,3,7532,22596,Quaerat dolor sed molestiae nulla quasi.
856,346,117,1,9409,9409,
857,347,179,3,2229,6687,
858,347,177,2,6379,12758,
859,347,178,2,4605,9210,Eveniet aspernatur quibusdam.
860,348,238,1,11513,11513,
861,349,2,1,2218,2218,
862,349,1,3,5074,15222,
863,349,4,3,7091,21273,Similique atque voluptas error.
864,350,89,1,4105,4105,Minima libero vel.
865,351,10,2,10859,21718,Praesentium ut odit architecto nesciunt.
866,351,9,3,8995,26985,Suscipit veritatis distinctio.
867,351,11,3,2622,7866,
868,351,7,2,3624,7248,
869,352,247,3,8887,26661,
870,352,245,3,6163,18489,
871,353,185,3,3690,11070,
872,353,187,1,4279,4279,
873,353,186,1,11180,11180,
874,354,90,2,7788,15576,
875,354,91,2,2970,5940,
876,354,86,2,8262,16524,
877,355,173,1,11626,11626,
878,355,176,1,9521,9521,
879,355,175,1,7345,7345,Dignissimos maiores consequuntur accusamus porro.
880,355,174,2,1922,3844,
881,356,33,1,2513,2513,
882,356,34,2,5774,11548,
883,357,139,2,4139,8278,
884,357,136,3,9075,27225,Quod sint beatae quisquam. Nam at id doloremque.
885,357,135,3,2377,7131,
886,358,207,1,9939,9939,
887,358,212,1,5297,5297,
888,359,58,1,6672,6672,
889,359,57,1,11545,11545,
890,359,55,1,9600,9600,Ab fuga numquam corrupti magni.
891,359,54,2,7520,15040,
892,360,214,1,10662,10662,
893,361,238,2,11513,23026,
894,362,116,1,7532,7532,Enim fugiat quidem. Eaque totam sint cum.
895,362,120,1,11711,11711,
896,362,115,3,5571,16713,
897,362,114,2,2239,4478,
898,363,182,3,10707,32121,
899,363,181,1,3993,3993,
900,363,183,2,6913,13826,
901,364,88,2,9368,18736,
902,364,85,1,5447,5447,Dolorum aliquam atque ipsam architecto.
903,364,89,1,4105,4105,Doloribus culpa consectetur magni vitae.
904,365,41,3,3837,11511,
905,365,42,2,2982,5964,Accusantium est sequi doloremque necessitatibus.
906,366,8,3,9922,29766,Tempora corporis magnam error sint delectus.
907,366,11,2,2622,5244,
908,366,10,1,10859,10859,
909,366,9,3,8995,26985,
910,367,55,1,9600,9600,
911,367,56,1,7841,7841,
912,368,134,1,6024,6024,
913,369,44,2,6298,12596,
914,369,43,2,1984,3968,
915,370,143,1,1819,1819,
916,370,142,1,7171,7171,
917,371,144,1,9076,9076,
918,371,146,3,4571,13713,
919,372,124,1,5031,5031,
920,373,10,1,10859,10859,Eos sunt perspiciatis excepturi.
921,374,106,3,9459,28377,
922,374,103,1,7733,7733,
923,374,102,3,6781,20343,Incidunt voluptatem ad beatae.
924,374,105,2,10795,21590,
925,375,56,1,7841,7841,Suscipit unde culpa adipisci distinctio.
926,376,47,2,1554,3108,
927,376,49,3,6442,19326,
928,377,46,3,5990,17970,
929,378,37,3,8490,25470,Nulla vero a.
930,378,33,2,2513,5026,Et neque rerum velit ratione dicta.
931,378,32,2,3871,7742,
932,379,43,2,1984,3968,
933,379,45,3,3333,9999,
934,380,10,3,10859,32577,
935,380,7,2,3624,7248,
936,380,9,2,8995,17990,
937,380,8,1,9922,9922,
938,381,209,1,7056,7056,
939,381,210,3,4002,12006,
940,382,17,3,11276,33828,
941,383,83,3,10070,30210,
942,383,80,3,6875,20625,
943,384,92,3,11588,34764,
944,384,93,2,2550,5100,
945,384,95,1,5073,5073,
946,384,96,1,2567,2567,
947,385,202,3,6999,20997,
948,385,201,2,8359,16718,
949,385,204,3,1584,4752,
950,386,98,1,6530,6530,Rerum magnam labore consequatur et fugiat.
951,387,105,1,10795,10795,
952,388,260,3,11017,33051,Aperiam sed impedit ducimus aliquid.
953,388,262,3,3263,9789,
954,389,141,2,1569,3138,
955,389,143,1,1819,1819,
956,390,262,3,3263,9789,
957,391,82,1,10962,10962,
958,391,81,3,6710,20130,Itaque animi illo labore.
959,391,84,2,3027,6054,
960,391,83,1,10070,10070,Culpa consequuntur illum atque tenetur autem.
961,392,205,1,1516,1516,Laudantium explicabo culpa excepturi.
962,392,204,2,1584,3168,
963,393,4,2,7091,14182,
964,393,2,2,2218,4436,
965,394,44,3,6298,18894,Itaque accusamus molestias possimus non officia.
966,394,43,1,1984,1984,Sapiente sed inventore laboriosam ad.
967,394,45,3,3333,9999,
968,394,46,3,5990,17970,Nobis nostrum magnam ad quaerat quae ipsa.
969,395,271,2,3207,6414,
970,396,47,2,1554,3108,
971,397,122,3,11713,35139,
972,398,26,2,9391,18782,
973,398,30,2,7823,15646,
974,398,31,1,9801,9801,
975,398,27,3,10234,30702,
976,399,46,3,5990,17970,
977,399,45,1,3333,3333,
978,399,43,1,1984,1984,
979,399,44,2,6298,12596,
980,400,274,1,2223,2223,
981,400,275,1,3115,3115,Nemo excepturi tenetur beatae.
982,400,276,2,6650,13300,
983,401,218,1,5336,5336,
984,401,216,1,6834,6834,
985,402,208,3,4480,13440,
986,403,179,1,2229,2229,
987,404,46,2,5990,11980,Harum consectetur accusantium.
988,404,45,3,3333,9999,
989,405,165,2,11836,23672,
990,405,159,1,4883,4883,Aliquid quis quaerat suscipit in et sequi.
991,406,273,2,8482,16964,Ex unde quibusdam fuga sit.
992,406,271,2,3207,6414,
993,407,116,2,7532,15064,Impedit fugiat omnis tenetur hic non impedit.
994,407,119,2,5409,10818,
995,407,115,1,5571,5571,
996,407,120,1,11711,11711,
997,408,112,1,11039,11039,
998,409,116,3,7532,22596,
999,409,115,1,5571,5571,
1000,410,43,3,1984,5952,
1001,410,46,3,5990,17970,Sint rem saepe odit.
1002,410,44,2,6298,12596,
1003,410,45,2,3333,6666,
1004,411,185,2,3690,7380,
1005,411,186,2,11180,22360,
1006,412,160,1,5856,5856,
1007,412,163,1,7481,7481,
1008,413,102,2,6781,13562,
1009,413,105,3,10795,32385,
1010,413,103,1,7733,7733,Harum recusandae quidem.
1011,413,107,3,3458,10374,
1012,414,27,3,10234,30702,
1013,414,31,3,9801,29403,
1014,414,28,1,10524,10524,
1015,414,26,2,9391,18782,
1016,415,157,2,7999,15998,
1017,415,155,3,8980,26940,
1018,415,153,1,6302,6302,
1019,416,174,2,1922,3844,
1020,416,173,2,11626,23252,
1021,416,176,3,9521,28563,Laboriosam iusto velit. Debitis debitis vel.
1022,417,169,2,8076,16152,
1023,418,98,3,6530,19590,
1024,419,193,1,2805,2805,
1025,420,96,2,2567,5134,
1026,420,93,3,2550,7650,Nostrum placeat pariatur aliquid.
1027,421,41,3,3837,11511,
1028,421,40,3,6157,18471,
1029,422,102,2,6781,13562,
1030,422,104,1,5095,5095,
1031,423,36,1,6042,6042,
1032,423,37,2,8490,16980,
1033,423,39,3,3512,10536,Ea quod modi quae nesciunt libero.
1034,423,32,2,3871,7742,Error deserunt quis non.
1035,424,21,2,5044,10088,
1036,425,189,3,5501,16503,Commodi ad accusamus ipsam odio.
1037,425,192,3,10008,30024,
1038,425,188,2,5409,10818,
1039,426,236,1,4328,4328,
1040,426,238,2,11513,23026,
1041,427,44,3,6298,18894,
1042,428,40,2,6157,12314,
1043,428,41,1,3837,3837,
1044,428,42,2,2982,5964,
1045,429,235,3,4890,14670,
1046,429,229,3,6725,20175,
1047,429,231,2,9909,19818,Maxime corrupti excepturi expedita ipsum.
1048,429,232,1,5414,5414,Dolore tempora ut in rerum doloremque.
1049,430,26,2,9391,18782,Reprehenderit error repudiandae illum.
1050,431,5,2,3216,6432,
1051,431,1,3,5074,15222,Repellendus error iusto excepturi neque nihil.
1052,432,273,1,8482,8482,
1053,432,272,1,3020,3020,
1054,433,183,1,6913,6913,Esse recusandae ipsam. Quas aspernatur adipisci.
1055,433,182,1,10707,10707,Consequuntur sequi ad voluptatibus.
1056,434,140,3,3235,9705,
1057,434,142,3,7171,21513,
1058,434,143,3,1819,5457,
1059,435,268,2,10040,20080,
1060,435,270,2,2441,4882,
1061,436,21,3,5044,15132,
1062,436,22,2,3726,7452,
1063,436,23,1,4239,4239,Ducimus cupiditate neque.
1064,437,187,1,4279,4279,
1065,438,141,3,1569,4707,
1066,438,142,2,7171,14342,
1067,438,140,1,3235,3235,
1068,438,143,2,1819,3638,At nesciunt pariatur tenetur eaque.
1069,439,113,2,7117,14234,
1070,439,111,1,5533,5533,
1071,439,112,3,11039,33117,
1072,440,241,1,6559,6559,
1073,441,48,3,11229,33687,Architecto aliquid quisquam deserunt.
1074,441,53,2,8754,17508,
1075,441,50,3,8139,24417,
1076,442,106,3,9459,28377,
1077,442,102,1,6781,6781,
1078,442,107,3,3458,10374,Tenetur in officiis ex.
1079,442,103,2,7733,15466,
1080,443,178,3,4605,13815,
1081,444,23,1,4239,4239,
1082,444,24,2,6978,13956,Quisquam vitae minus natus maiores.
1083,444,21,3,5044,15132,
1084,444,19,1,4510,4510,
1085,445,67,1,3245,3245,
1086,445,71,2,4810,9620,Culpa tenetur magnam maiores ipsa non modi.
1087,446,18,1,5545,5545,
1088,446,16,2,6043,12086,
1089,447,258,2,6486,12972,
1090,447,261,2,8685,17370,
1091,447,260,3,11017,33051,
1092,448,109,1,10763,10763,
1093,448,108,3,3443,10329,
1094,448,110,1,5957,5957,Eligendi libero repudiandae.
1095,449,138,3,5681,17043,
1096,449,139,3,4139,12417,Voluptas ipsam dolores atque facilis repellendus.
1097,449,135,1,2377,2377,
1098,449,137,3,10235,30705,
1099,450,217,1,3771,3771,
1100,450,215,1,8552,8552,Perspiciatis ducimus libero debitis recusandae.
1101,450,218,1,5336,5336,
1102,451,43,3,1984,5952,Distinctio eveniet vero delectus at.
1103,451,44,3,6298,18894,
1104,452,239,2,4746,9492,
1105,452,243,1,1579,1579,
1106,452,241,3,6559,19677,
1107,452,242,2,5325,10650,
1108,453,239,2,4746,9492,
1109,453,242,3,5325,15975,Ipsa unde hic culpa excepturi dolorem ipsum.
1110,453,243,2,1579,3158,
1111,453,241,2,6559,13118,
1112,454,37,1,8490,8490,
1113,455,40,1,6157,6157,
1114,455,42,2,2982,5964,
1115,455,41,3,3837,11511,
1116,456,148,1,8728,8728,
1117,457,98,3,6530,19590,
1118,458,144,3,9076,27228,
1119,459,49,2,6442,12884,
1120,459,50,3,8139,24417,
1121,460,162,2,9707,19414,Numquam debitis qui laborum.
1122,460,163,3,7481,22443,
1123,461,166,1,11489,11489,
1124,461,171,1,2963,2963,Aut neque vero omnis unde deserunt.
1125,461,169,1,8076,8076,
1126,461,167,2,11128,22256,
1127,462,111,3,5533,16599,
1128,462,112,2,11039,22078,
1129,463,181,3,3993,11979,
1130,463,180,3,4550,13650,
1131,464,213,2,2184,4368,
1132,465,234,2,8800,17600,
1133,465,229,1,6725,6725,
1134,466,155,2,8980,17960,
1135,466,153,2,6302,12604,
1136,466,158,3,7044,21132,
1137,467,46,3,5990,17970,Sit quae dolorem blanditiis.
1138,467,45,2,3333,6666,
1139,468,262,3,3263,9789,Delectus blanditiis rerum enim ut.
1140,468,258,3,6486,19458,
1141,469,137,3,10235,30705,
1142,469,135,2,2377,4754,
1143,470,89,1,4105,4105,Maiores minima ipsum quod animi nostrum.
1144,470,85,2,5447,10894,Officia enim qui ex facilis culpa nisi.
1145,470,88,2,9368,18736,Blanditiis natus atque.
1146,471,11,2,2622,5244,
1147,472,82,3,10962,32886,
1148,472,80,3,6875,20625,
1149,472,84,1,3027,3027,Natus consectetur officiis.
1150,473,196,1,6959,6959,Modi dolorum placeat nesciunt.
1151,474,44,1,6298,6298,Doloribus accusamus accusantium.
1152,474,43,3,1984,5952,
1153,474,46,1,5990,5990,Exercitationem ex culpa architecto.
1154,474,45,3,3333,9999,
1155,475,179,1,2229,2229,
1156,475,178,3,4605,13815,
1157,476,253,3,11510,34530,
1158,476,254,2,3210,6420,
1159,477,40,2,6157,12314,
1160,477,41,3,3837,11511,
1161,478,176,1,9521,9521,
1162,478,174,2,1922,3844,Rerum occaecati numquam praesentium.
1163,479,275,1,3115,3115,
1164,479,276,2,6650,13300,
1165,479,274,2,2223,4446,
1166,480,60,2,7521,15042,Pariatur unde laudantium eum accusamus expedita.
1167,480,65,1,9489,9489,Cum nisi sequi error.
1168,480,61,3,5606,16818,
1169,480,64,1,1896,1896,
1170,481,191,3,4823,14469,Vel facere quas magni minima.
1171,481,190,3,4952,14856,
1172,481,188,1,5409,5409,
1173,482,276,3,6650,19950,Quasi incidunt distinctio est explicabo sit.
1174,482,275,1,3115,3115,
1175,482,274,1,2223,2223,Magni nesciunt eius.
1176,483,225,2,5939,11878,Nobis voluptates occaecati dolorum ea.
1177,484,152,3,10974,32922,
1178,484,150,3,9947,29841,Ex odio aspernatur nemo ex nobis adipisci.
1179,485,201,2,8359,16718,
1180,485,202,3,6999,20997,
1181,485,205,2,1516,3032,
1182,486,99,3,7896,23688,Voluptates similique molestias hic.
1183,486,98,2,6530,13060,
1184,486,100,3,11524,34572,Architecto culpa fuga delectus molestiae.
1185,486,101,2,11852,23704,
1186,487,1,2,5074,10148,
1187,487,2,3,2218,6654,
1188,487,3,2,2492,4984,
1189,487,5,2,3216,6432,
1190,488,276,3,6650,19950,
1191,489,105,2,10795,21590,
1192,490,170,3,8180,24540,Hic corrupti et.
1193,490,169,1,8076,8076,
1194,490,167,2,11128,22256,
1195,491,177,1,6379,6379,
1196,492,227,1,3864,3864,
1197,493,168,3,11473,34419,Quasi molestiae id.
1198,493,170,2,8180,16360,
1199,493,169,1,8076,8076,
1200,494,184,1,10825,10825,
1201,494,181,3,3993,11979,
1202,494,180,3,4550,13650,
1203,494,182,2,10707,21414,
1204,495,153,3,6302,18906,Impedit saepe officiis.
1205,495,157,2,7999,15998,
1206,496,44,2,6298,12596,Ipsam mollitia cumque eos iste libero cumque.
1207,496,46,2,5990,11980,
1208,497,54,3,7520,22560,
1209,497,57,3,11545,34635,
1210,498,3,3,2492,7476,Tenetur provident repellendus.
1211,498,2,1,2218,2218,
1212,498,4,3,7091,21273,Voluptates distinctio amet alias.
1213,498,1,3,5074,15222,
1214,499,123,2,6339,12678,
1215,499,124,1,5031,5031,
1216,500,190,3,4952,14856,Blanditiis temporibus molestias tempora aliquam.
1217,500,192,2,10008,20016,
1218,501,81,2,6710,13420,
1219,502,158,2,7044,14088,
1220,502,156,1,6733,6733,
1221,503,146,3,4571,13713,
1222,504,93,2,2550,5100,Accusantium placeat dicta.
1223,504,92,3,11588,34764,Impedit libero tenetur delectus.
1224,504,97,1,5936,5936,
1225,504,94,3,1711,5133,
1226,505,28,3,10524,31572,
1227,505,31,3,9801,29403,
1228,506,157,2,7999,15998,
1229,506,154,2,9354,18708,
1230,507,174,1,1922,1922,
1231,507,175,1,7345,7345,Illum voluptate aliquam velit occaecati quis.
1232,507,176,2,9521,19042,
1233,507,173,3,11626,34878,
1234,508,142,2,7171,14342,
1235,508,143,3,1819,5457,
1236,508,140,1,3235,3235,
1237,509,212,1,5297,5297,
1238,510,78,2,6765,13530,Deleniti magni doloremque ratione totam.
1239,510,73,1,5011,5011,
1240,511,166,3,11489,34467,Eveniet velit magni odio similique rem.
1241,512,104,1,5095,5095,
1242,513,203,2,2838,5676,
1243,513,205,2,1516,3032,
1244,513,204,3,1584,4752,
1245,513,202,2,6999,13998,Repudiandae provident vel perspiciatis saepe.
1246,514,205,3,1516,4548,
1247,514,203,2,2838,5676,
1248,514,202,1,6999,6999,
1249,515,175,1,7345,7345,
1250,516,234,3,8800,26400,
1251,517,77,2,2417,4834,
1252,518,123,2,6339,12678,
1253,518,127,2,10416,20832,
1254,519,56,2,7841,15682,
1255,519,55,1,9600,9600,
1256,519,57,1,11545,11545,Voluptates debitis culpa vel nulla quis omnis.
1257,520,86,3,8262,24786,
1258,520,90,3,7788,23364,
1259,520,85,1,5447,5447,
1260,521,223,3,2577,7731,
1261,521,227,1,3864,3864,
1262,521,225,1,5939,5939,
1263,522,238,3,11513,34539,
1264,522,236,3,4328,12984,
1265,523,232,1,5414,5414,Corrupti delectus nobis rerum.
1266,523,233,3,11547,34641,
1267,523,229,3,6725,20175,
1268,524,226,3,3540,10620,
1269,524,223,2,2577,5154,
1270,525,134,2,6024,12048,
1271,525,137,2,10235,20470,
1272,526,179,1,2229,2229,Earum laboriosam cupiditate a.
1273,526,178,2,4605,9210,Consectetur ducimus quidem dolor.
1274,526,177,3,6379,19137,
1275,527,225,3,5939,17817,
1276,528,80,3,6875,20625,
1277,528,82,1,10962,10962,
1278,528,81,1,6710,6710,
1279,529,200,2,6030,12060,
1280,529,196,1,6959,6959,
1281,530,95,3,5073,15219,
1282,530,96,2,2567,5134,
1283,531,171,3,2963,8889,
1284,531,166,3,11489,34467,
1285,531,167,1,11128,11128,
1286,532,82,3,10962,32886,Magnam porro eveniet inventore quaerat ullam.
1287,533,201,3,8359,25077,Tenetur at ipsam nulla.
1288,533,202,2,6999,13998,
1289,533,204,2,1584,3168,
1290,534,119,3,5409,16227,
1291,534,114,3,2239,6717,
1292,534,116,3,7532,22596,
1293,535,96,2,2567,5134,
1294,535,93,2,2550,5100,Quis repudiandae ad omnis quidem.
1295,535,94,1,1711,1711,
1296,536,210,1,4002,4002,
1297,536,209,2,7056,14112,
1298,537,179,3,2229,6687,Voluptas magni et. Optio repellendus in esse.
1299,537,177,2,6379,12758,
1300,538,62,1,2816,2816,
1301,538,65,1,9489,9489,Vitae exercitationem vitae sequi.
1302,538,59,3,11604,34812,Mollitia aut tenetur nulla quas doloremque.
1303,539,190,3,4952,14856,
1304,540,29,3,5237,15711,
1305,540,26,2,9391,18782,
1306,541,122,1,11713,11713,
1307,541,124,2,5031,10062,
1308,542,122,1,11713,11713,
1309,542,126,3,10343,31029,
1310,543,241,1,6559,6559,Dolore quidem ad ullam nesciunt vero inventore.
1311,543,242,1,5325,5325,
1312,544,112,1,11039,11039,Aliquid dolore reprehenderit harum.
1313,544,111,1,5533,5533,
1314,545,135,3,2377,7131,
1315,545,137,1,10235,10235,
1316,545,136,3,9075,27225,
1317,546,12,1,7236,7236,
1318,546,13,3,10381,31143,
1319,547,199,2,10787,21574,
1320,547,198,3,5231,15693,
1321,548,199,1,10787,10787,
1322,548,200,3,6030,18090,
1323,549,224,3,6513,19539,
1324,550,156,1,6733,6733,Magnam maxime earum praesentium eius.
1325,550,158,2,7044,14088,
1326,550,154,3,9354,28062,
1327,550,155,3,8980,26940,
1328,551,139,1,4139,4139,Quam quaerat consequuntur.
1329,552,141,3,1569,4707,
1330,552,142,3,7171,21513,Quam voluptatum facere quasi.
1331,552,140,3,3235,9705,
1332,553,193,1,2805,2805,
1333,553,194,2,10834,21668,
1334,554,214,3,10662,31986,
1335,554,218,3,5336,16008,
1336,554,217,1,3771,3771,
1337,555,206,1,3686,3686,
1338,555,208,2,4480,8960,
1339,555,207,1,9939,9939,
1340,555,212,2,5297,10594,
1341,556,142,3,7171,21513,
1342,556,143,2,1819,3638,
1343,557,83,1,10070,10070,
1344,558,57,3,11545,34635,Dignissimos iste voluptas.
1345,558,56,3,7841,23523,Aut quaerat hic possimus.
1346,559,58,3,6672,20016,
1347,559,55,2,9600,19200,
1348,560,257,3,1577,4731,
1349,561,67,3,3245,9735,
1350,561,71,3,4810,14430,
1351,561,66,3,1776,5328,
1352,562,194,2,10834,21668,
1353,562,195,3,6940,20820,
1354,562,193,2,2805,5610,
1355,563,46,3,5990,17970,
1356,563,43,3,1984,5952,Harum commodi excepturi iste eum sed provident.
1357,564,143,3,1819,5457,Perspiciatis consequatur iusto nihil amet.
1358,564,142,3,7171,21513,
1359,565,268,2,10040,20080,
1360,566,62,3,2816,8448,Modi cupiditate omnis veritatis.
1361,566,65,3,9489,28467,
1362,566,60,2,7521,15042,Quidem incidunt dicta impedit ducimus minus.
1363,566,61,1,5606,5606,Soluta maxime error quae rerum.
1364,567,248,2,3918,7836,
1365,567,245,2,6163,12326,
1366,567,247,3,8887,26661,
1367,567,249,2,7149,14298,In dolore ipsam ea veniam ullam autem recusandae.
1368,568,135,2,2377,4754,
1369,569,9,1,8995,8995,
1370,570,234,1,8800,8800,
1371,570,232,1,5414,5414,Omnis error maxime quam dolore.
1372,570,235,3,4890,14670,
1373,571,184,3,10825,32475,
1374,571,182,3,10707,32121,
1375,572,99,3,7896,23688,
1376,573,18,1,5545,5545,
1377,573,14,2,7585,15170,Accusamus in quae rem. Veniam maiores fugiat qui.
1378,573,17,2,11276,22552,Tempore soluta repellendus necessitatibus.
1379,573,16,2,6043,12086,
1380,574,214,2,10662,21324,At dolores eos accusamus velit blanditiis.
1381,574,216,1,6834,6834,
1382,574,218,3,5336,16008,
1383,574,219,3,7998,23994,
1384,575,115,3,5571,16713,
1385,575,120,2,11711,23422,
1386,575,119,3,5409,16227,Numquam nostrum impedit totam in animi.
1387,575,114,1,2239,2239,
1388,576,177,2,6379,12758,
1389,576,179,3,2229,6687,
1390,576,178,1,4605,4605,
1391,577,3,1,2492,2492,
1392,577,5,1,3216,3216,
1393,578,127,3,10416,31248,
1394,578,126,3,10343,31029,
1395,579,86,1,8262,8262,
1396,580,60,2,7521,15042,Facere tenetur corrupti illo corrupti officia.
1397,580,63,2,2996,5992,
1398,580,64,3,1896,5688,
1399,581,26,2,9391,18782,
1400,582,124,2,5031,10062,
1401,582,122,1,11713,11713,
1402,583,89,1,4105,4105,
1403,583,90,3,7788,23364,
1404,583,86,2,8262,16524,
1405,583,85,2,5447,10894,Nisi magnam sapiente dolorem.
1406,584,59,2,11604,23208,
1407,584,64,3,1896,5688,
1408,584,60,1,7521,7521,Molestiae necessitatibus veniam corporis earum.
1409,585,31,1,9801,9801,
1410,585,29,3,5237,15711,
1411,585,30,2,7823,15646,Architecto id explicabo saepe blanditiis.
1412,586,145,2,5776,11552,
1413,587,274,3,2223,6669,Odio animi ea veritatis sit illum.
1414,588,38,2,2859,5718,
1415,588,39,3,3512,10536,
1416,588,35,2,1899,3798,
1417,589,247,3,8887,26661,
1418,589,248,3,3918,11754,
1419,590,206,3,3686,11058,
1420,590,210,1,4002,4002,
1421,590,208,3,4480,13440,Voluptate assumenda sequi magnam tenetur sequi.
1422,590,209,1,7056,7056,
1423,591,153,1,6302,6302,
1424,591,158,1,7044,7044,
1425,591,154,2,9354,18708,
1426,592,115,3,5571,16713,
1427,592,117,2,9409,18818,
1428,593,148,3,8728,26184,
1429,594,146,2,4571,9142,Praesentium corrupti fugiat nisi.
1430,594,144,3,9076,27228,Aliquid placeat nam.
1431,595,108,2,3443,6886,
1432,595,110,2,5957,11914,
1433,595,109,3,10763,32289,
1434,596,273,1,8482,8482,
1435,596,271,3,3207,9621,
1436,596,272,2,3020,6040,
1437,597,85,3,5447,16341,
1438,598,182,2,10707,21414,
1439,598,184,3,10825,32475,
1440,599,36,1,6042,6042,
1441,599,33,1,2513,2513,
1442,599,32,2,3871,7742,
1443,599,39,3,3512,10536,
1444,600,178,1,4605,4605,
1445,600,177,1,6379,6379,
1446,600,179,2,2229,4458,
1447,601,66,2,1776,3552,
1448,601,71,2,4810,9620,
1449,602,124,1,5031,5031,
1450,603,184,1,10825,10825,Libero ullam quod blanditiis doloremque natus.
1451,603,183,2,6913,13826,
1452,603,180,2,4550,9100,
1453,603,182,1,10707,10707,
1454,604,189,1,5501,5501,
1455,604,191,2,4823,9646,
1456,605,256,2,8976,17952,
1457,605,254,3,3210,9630,
1458,605,255,2,6584,13168,
1459,606,41,3,3837,11511,
1460,607,184,1,10825,10825,
1461,607,182,2,10707,21414,
1462,607,181,3,3993,11979,
1463,607,183,2,6913,13826,
1464,608,99,1,7896,7896,
1465,608,101,1,11852,11852,
1466,609,185,2,3690,7380,
1467,609,186,2,11180,22360,
1468,609,187,1,4279,4279,
1469,610,2,1,2218,2218,
1470,610,1,3,5074,15222,Iste optio voluptatum iusto eveniet.
1471,611,207,3,9939,29817,
1472,612,191,3,4823,14469,
1473,612,192,3,10008,30024,
1474,613,82,2,10962,21924,
1475,613,83,3,10070,30210,
1476,613,81,1,6710,6710,
1477,613,80,3,6875,20625,
1478,614,111,1,5533,5533,
1479,614,112,1,11039,11039,
1480,615,141,3,1569,4707,
1481,615,143,3,1819,5457,Tempore ullam ea quos dicta cupiditate ipsum.
1482,615,142,3,7171,21513,
1483,616,23,2,4239,8478,Iusto aperiam debitis neque quo omnis.
1484,616,25,3,7171,21513,
1485,617,158,2,7044,14088,
1486,618,142,2,7171,14342,
1487,619,183,1,6913,6913,
1488,619,182,1,10707,10707,
1489,619,180,2,4550,9100,
1490,619,184,3,10825,32475,
1491,620,88,2,9368,18736,Dolores officiis tenetur quasi quod ipsa.
1492,620,91,2,2970,5940,
1493,620,89,3,4105,12315,
1494,621,139,3,4139,12417,
1495,621,136,2,9075,18150,
1496,622,35,2,1899,3798,
1497,622,32,3,3871,11613,
1498,622,38,3,2859,8577,Architecto quae provident vitae hic.
1499,623,219,3,7998,23994,
1500,624,99,2,7896,15792,Odit praesentium cumque officiis aut.
1501,625,83,3,10070,30210,Voluptatum laudantium consequatur harum quia.
1502,625,84,2,3027,6054,
1503,626,100,2,11524,23048,
1504,626,101,3,11852,35556,Esse unde dolores nostrum corporis a.
1505,626,98,1,6530,6530,
1506,627,158,2,7044,14088,
1507,627,153,1,6302,6302,
1508,628,29,1,5237,5237,
1509,628,28,1,10524,10524,Animi molestias tempore repudiandae sunt a.
1510,628,30,2,7823,15646,Expedita odit optio id odit.
1511,628,31,2,9801,19602,
1512,629,197,3,11228,33684,Itaque temporibus animi itaque placeat alias.
1513,629,196,2,6959,13918,Eligendi ad repellendus cupiditate magni natus.
1514,629,199,3,10787,32361,
1515,629,198,1,5231,5231,
1516,630,274,3,2223,6669,
1517,630,276,3,6650,19950,Reiciendis ea necessitatibus est commodi.
1518,630,275,2,3115,6230,
1519,631,83,1,10070,10070,
1520,631,82,1,10962,10962,
1521,632,160,1,5856,5856,Nesciunt vero quia laboriosam.
1522,632,165,3,11836,35508,
1523,632,163,2,7481,14962,
1524,632,161,3,8344,25032,
1525,633,75,3,11732,35196,
1526,633,78,1,6765,6765,
1527,633,76,1,10820,10820,
1528,633,74,3,2464,7392,
1529,634,139,2,4139,8278,
1530,635,83,1,10070,10070,
1531,635,80,3,6875,20625,
1532,635,84,2,3027,6054,Numquam inventore adipisci impedit.
1533,636,241,2,6559,13118,
1534,636,240,2,11849,23698,Aut aliquam quis animi.
1535,636,243,3,1579,4737,
1536,636,239,2,4746,9492,Possimus impedit quae tempore quos dolorem fugit.
1537,637,118,2,8424,16848,
1538,638,38,3,2859,8577,
1539,639,13,3,10381,31143,
1540,639,16,2,6043,12086,
1541,639,12,3,7236,21708,
1542,640,252,3,7142,21426,Reiciendis alias vero qui esse molestias.
1543,641,274,3,2223,6669,
1544,641,276,1,6650,6650,
1545,641,275,3,3115,9345,
1546,642,72,3,7860,23580,
1547,642,67,1,3245,3245,
1548,642,68,2,3227,6454,
1549,643,111,3,5533,16599,Temporibus iure suscipit animi atque.
1550,643,112,3,11039,33117,
1551,644,102,3,6781,20343,
1552,644,106,3,9459,28377,
1553,645,142,3,7171,21513,Porro provident doloribus nostrum alias ratione.
1554,645,141,1,1569,1569,
1555,645,140,2,3235,6470,Pariatur quas magni eius debitis nostrum.
1556,646,229,3,6725,20175,
1557,646,232,2,5414,10828,
1558,646,230,3,8886,26658,
1559,646,233,1,11547,11547,Consectetur ea quibusdam incidunt facilis beatae.
1560,647,138,2,5681,11362,
1561,647,135,3,2377,7131,
1562,647,139,3,4139,12417,
1563,648,146,3,4571,13713,
1564,648,145,2,5776,11552,Porro alias at debitis consequuntur.
1565,648,144,2,9076,18152,Totam quod tempore similique.
1566,649,12,2,7236,14472,
1567,649,17,1,11276,11276,
1568,650,262,3,3263,9789,
1569,651,248,3,3918,11754,
1570,652,35,1,1899,1899,
1571,652,36,2,6042,12084,Ut praesentium dicta ut tenetur.
1572,652,38,1,2859,2859,
1573,653,260,3,11017,33051,Corporis soluta illum molestiae necessitatibus.
1574,653,261,2,8685,17370,Atque laboriosam voluptates odit cumque eos.
1575,653,263,3,7080,21240,Perspiciatis ab impedit.
1576,653,258,1,6486,6486,
1577,654,160,2,5856,11712,
1578,654,164,1,6426,6426,
1579,655,206,1,3686,3686,
1580,655,209,1,7056,7056,
1581,656,203,3,2838,8514,
1582,656,205,1,1516,1516,
1583,657,172,2,11599,23198,
1584,657,168,3,11473,34419,
1585,657,169,1,8076,8076,Maiores labore nulla porro ad sequi.
1586,657,166,3,11489,34467,
1587,658,74,3,2464,7392,
1588,658,78,1,6765,6765,
1589,658,79,1,5585,5585,Cupiditate in eveniet.
1590,658,77,2,2417,4834,
1591,659,140,3,3235,9705,
1592,659,141,3,1569,4707,Culpa quibusdam placeat fugiat alias adipisci.
1593,659,142,3,7171,21513,
1594,659,143,1,1819,1819,
1595,660,273,1,8482,8482,
1596,660,272,3,3020,9060,
1597,660,271,2,3207,6414,
1598,661,139,1,4139,4139,
1599,661,135,3,2377,7131,
1600,662,68,1,3227,3227,
1601,662,71,2,4810,9620,
1602,663,258,2,6486,12972,
1603,664,4,1,7091,7091,
1604,664,6,3,3388,10164,
1605,664,5,2,3216,6432,
1606,665,112,3,11039,33117,
1607,665,111,1,5533,5533,
1608,665,113,2,7117,14234,Voluptatem adipisci ducimus beatae incidunt.
1609,666,99,3,7896,23688,
1610,667,223,2,2577,5154,
1611,667,225,3,5939,17817,
1612,668,211,1,2882,2882,Veniam repudiandae saepe qui consequatur.
1613,668,207,2,9939,19878,Esse similique odit ad nemo.
1614,668,209,3,7056,21168,Amet odit quod asperiores.
1615,669,8,3,9922,29766,
1616,669,7,1,3624,3624,
1617,669,11,1,2622,2622,Soluta possimus cupiditate.
1618,670,20,3,10820,32460,
1619,670,24,3,6978,20934,
1620,670,21,1,5044,5044,
1621,671,176,3,9521,28563,
1622,671,173,2,11626,23252,
1623,671,175,2,7345,14690,Numquam quaerat architecto.
1624,671,174,2,1922,3844,Voluptate maxime repellendus eius.
1625,672,172,1,11599,11599,Ullam ex quibusdam. Odio unde eos ipsa dolorum.
1626,672,170,2,8180,16360,
1627,672,167,3,11128,33384,
1628,672,171,2,2963,5926,
1629,673,197,1,11228,11228,
1630,674,44,3,6298,18894,
1631,675,124,1,5031,5031,
1632,675,127,3,10416,31248,
1633,675,126,2,10343,20686,
1634,676,103,3,7733,23199,Aliquam sunt vel sint excepturi.
1635,676,105,2,10795,21590,
1636,677,158,1,7044,7044,
1637,677,156,1,6733,6733,
1638,678,57,2,11545,23090,
1639,679,251,3,7215,21645,
1640,679,250,3,2549,7647,
1641,680,46,1,5990,5990,
1642,681,149,3,5345,16035,
1643,681,150,3,9947,29841,
1644,681,148,1,8728,8728,Et vitae harum harum consequuntur suscipit cum.
1645,682,161,3,8344,25032,
1646,682,159,2,4883,9766,
1647,682,164,1,6426,6426,
1648,683,272,2,3020,6040,
1649,683,271,3,3207,9621,
1650,683,273,2,8482,16964,
1651,684,38,1,2859,2859,
1652,684,34,3,5774,17322,
1653,684,37,3,8490,25470,
1654,684,39,3,3512,10536,
1655,685,216,1,6834,6834,
1656,685,213,3,2184,6552,
1657,686,154,1,9354,9354,
1658,686,157,1,7999,7999,
1659,687,187,1,4279,4279,
1660,688,250,3,2549,7647,
1661,688,257,3,1577,4731,
1662,689,54,2,7520,15040,Perferendis eos nisi at natus.
1663,689,55,1,9600,9600,
1664,689,56,1,7841,7841,Deleniti autem consequuntur dicta quas eum iste.
1665,690,189,2,5501,11002,
1666,691,174,2,1922,3844,Soluta nostrum id.
1667,692,243,2,1579,3158,Atque voluptatem dicta ad vitae cupiditate culpa.
1668,693,275,1,3115,3115,Ipsam sit qui iste.
1669,694,253,2,11510,23020,
1670,695,143,1,1819,1819,
1671,695,140,2,3235,6470,
1672,696,64,3,1896,5688,Soluta sapiente libero. Nihil dolorem voluptate.
1673,697,82,3,10962,32886,
1674,698,204,2,1584,3168,Id impedit quam.
1675,698,202,1,6999,6999,
1676,699,181,1,3993,3993,
1677,699,183,2,6913,13826,
1678,699,182,2,10707,21414,
1679,700,186,2,11180,22360,
1680,700,185,3,3690,11070,
1681,700,187,1,4279,4279,
1682,701,14,3,7585,22755,
1683,701,15,3,2649,7947,Quis magnam tenetur in.
1684,701,13,2,10381,20762,
1685,702,144,3,9076,27228,
1686,703,227,3,3864,11592,
1687,703,221,1,7682,7682,
1688,703,222,2,6157,12314,
1689,704,101,2,11852,23704,
1690,705,195,2,6940,13880,
1691,705,193,3,2805,8415,
1692,705,194,3,10834,32502,
1693,706,66,3,1776,5328,
1694,706,71,1,4810,4810,
1695,706,70,2,5076,10152,
1696,706,67,2,3245,6490,
1697,707,99,1,7896,7896,
1698,707,100,1,11524,11524,
1699,708,23,3,4239,12717,
1700,708,21,3,5044,15132,
1701,708,22,1,3726,3726,Nesciunt beatae labore quod dolores.
1702,709,133,3,2638,7914,
1703,709,130,2,7053,14106,Vero exercitationem unde voluptate.
1704,709,131,2,7980,15960,Id ad temporibus aliquid.
1705,709,132,2,8663,17326,
1706,710,210,3,4002,12006,
1707,710,207,3,9939,29817,
1708,711,44,1,6298,6298,
1709,711,45,2,3333,6666,
1710,711,43,1,1984,1984,
1711,712,248,2,3918,7836,
1712,712,244,2,7482,14964,Voluptates tempore quod optio nulla amet quia ut.
1713,712,246,1,11656,11656,
1714,712,247,1,8887,8887,
1715,713,179,2,2229,4458,
1716,714,104,1,5095,5095,
1717,714,106,2,9459,18918,
1718,714,107,1,3458,3458,
1719,715,275,1,3115,3115,
1720,715,274,3,2223,6669,
1721,716,240,3,11849,35547,
1722,716,243,1,1579,1579,
1723,717,160,2,5856,11712,
1724,717,161,3,8344,25032,
1725,718,186,1,11180,11180,
1726,718,187,1,4279,4279,
1727,718,185,2,3690,7380,
1728,719,28,3,10524,31572,
1729,719,30,1,7823,7823,Quibusdam eaque assumenda reprehenderit id.
1730,720,78,3,6765,20295,
1731,720,75,2,11732,23464,Quasi expedita itaque animi tempora praesentium.
1732,720,76,2,10820,21640,
1733,720,74,2,2464,4928,Sequi placeat quae.
1734,721,49,1,6442,6442,
1735,721,47,3,1554,4662,
1736,721,52,2,7592,15184,
1737,722,146,2,4571,9142,
1738,722,145,3,5776,17328,
1739,723,99,3,7896,23688,
1740,723,101,2,11852,23704,
1741,724,129,2,6591,13182,
1742,724,132,1,8663,8663,
1743,724,130,2,7053,14106,Modi pariatur eos id deleniti aut.
1744,725,131,3,7980,23940,
1745,725,133,2,2638,5276,Ea ipsam qui doloribus voluptatibus ad.
1746,726,68,3,3227,9681,
1747,726,67,2,3245,6490,
1748,726,69,1,11228,11228,Facere vero eaque dolores error officia.
1749,727,249,1,7149,7149,
1750,727,248,3,3918,11754,
1751,727,244,2,7482,14964,
1752,728,214,3,10662,31986,
1753,728,216,3,6834,20502,
1754,728,217,1,3771,3771,
1755,729,32,2,3871,7742,Laboriosam quae provident quod molestiae.
1756,730,234,3,8800,26400,
1757,731,121,2,5681,11362,Odit aut quis esse fuga.
1758,731,123,3,6339,19017,
1759,732,34,2,5774,11548,
1760,732,38,3,2859,8577,Doloremque eius sapiente necessitatibus.
1761,732,36,3,6042,18126,
1762,733,112,3,11039,33117,
1763,733,111,1,5533,5533,
1764,733,113,3,7117,21351,
1765,734,134,1,6024,6024,
1766,734,139,1,4139,4139,
1767,734,136,2,9075,18150,Quibusdam magni nam ad eveniet recusandae.
1768,735,42,3,2982,8946,Possimus unde consectetur earum sequi.
1769,735,41,2,3837,7674,
1770,735,40,2,6157,12314,Quod ipsum nulla maxime ipsam quia libero.
1771,736,192,1,10008,10008,
1772,736,190,1,4952,4952,
1773,737,217,2,3771,7542,
1774,738,271,3,3207,9621,Doloribus tempore sequi tempora ad.
1775,739,46,2,5990,11980,
1776,739,45,1,3333,3333,Deserunt provident minus quasi tempora beatae.
1777,739,44,2,6298,12596,
1778,740,25,1,7171,7171,
1779,741,173,2,11626,23252,Modi officiis provident hic sed qui eius.
1780,741,175,1,7345,7345,
1781,741,176,2,9521,19042,
1782,742,271,3,3207,9621,Quam in molestiae placeat.
1783,743,101,2,11852,23704,
1784,743,99,2,7896,15792,
1785,744,157,1,7999,7999,
1786,744,154,1,9354,9354,
1787,744,153,3,6302,18906,Reiciendis velit eos velit odit.
1788,745,211,3,2882,8646,
1789,745,207,3,9939,29817,
1790,746,143,2,1819,3638,
1791,746,142,3,7171,21513,
1792,747,165,1,11836,11836,
1793,748,121,2,5681,11362,
1794,748,124,2,5031,10062,
1795,749,209,3,7056,21168,
1796,749,208,3,4480,13440,
1797,750,7,2,3624,7248,
1798,750,11,1,2622,2622,Dolorem repellendus autem fugiat.
1799,751,233,2,11547,23094,
1800,751,228,3,4231,12693,
1801,751,232,3,5414,16242,
1802,752,162,1,9707,9707,
1803,753,233,1,11547,11547,
1804,753,229,1,6725,6725,
1805,753,235,2,4890,9780,
1806,753,234,3,8800,26400,
1807,754,238,3,11513,34539,Deserunt voluptate dolor voluptate nostrum.
1808,754,237,3,4618,13854,
1809,755,66,2,1776,3552,Ipsa eius saepe omnis.
1810,755,70,1,5076,5076,
1811,755,69,3,11228,33684,
1812,755,71,2,4810,9620,
1813,756,188,1,5409,5409,
1814,756,192,2,10008,20016,
1815,756,190,2,4952,9904,
1816,757,93,2,2550,5100,
1817,757,94,3,1711,5133,Cumque quas illum.
1818,757,96,2,2567,5134,
1819,757,97,1,5936,5936,
1820,758,79,2,5585,11170,
1821,759,122,1,11713,11713,
1822,759,127,1,10416,10416,
1823,760,109,3,10763,32289,Laborum delectus nam natus unde.
1824,760,108,3,3443,10329,
1825,760,110,2,5957,11914,
1826,761,147,3,10445,31335,
1827,761,151,2,6936,13872,
1828,762,242,1,5325,5325,
1829,762,243,2,1579,3158,Aut pariatur alias aliquam.
1830,763,165,3,11836,35508,Consequatur numquam quia.
1831,763,164,1,6426,6426,
1832,764,191,3,4823,14469,
1833,765,18,2,5545,11090,
1834,766,203,1,2838,2838,
1835,766,204,3,1584,4752,Enim ipsam quod sint rem ipsam.
1836,767,146,3,4571,13713,
1837,767,144,3,9076,27228,
1838,767,145,2,5776,11552,
1839,768,57,3,11545,34635,
1840,768,58,3,6672,20016,Dolore non architecto voluptatibus.
1841,768,55,1,9600,9600,Natus quod excepturi eveniet similique.
1842,768,56,1,7841,7841,
1843,769,8,3,9922,29766,
1844,769,9,3,8995,26985,
1845,769,10,3,10859,32577,
1846,769,7,2,3624,7248,
1847,770,24,3,6978,20934,
1848,770,22,3,3726,11178,
1849,771,261,3,8685,26055,
1850,771,260,3,11017,33051,
1851,772,141,1,1569,1569,
1852,772,140,3,3235,9705,
1853,773,202,2,6999,13998,Nam unde iure. Nihil non inventore ad.
1854,773,205,1,1516,1516,
1855,774,141,1,1569,1569,
1856,774,142,3,7171,21513,
1857,774,143,1,1819,1819,Facilis corporis quo quae.
1858,774,140,2,3235,6470,
1859,775,148,2,8728,17456,
1860,775,147,1,10445,10445,Quam pariatur at laudantium fugiat ipsum natus.
1861,775,150,1,9947,9947,
1862,776,185,3,3690,11070,
1863,777,82,3,10962,32886,
1864,777,81,2,6710,13420,
1865,778,40,2,6157,12314,
1866,778,41,2,3837,7674,
1867,778,42,2,2982,5964,
1868,779,157,1,7999,7999,Modi explicabo culpa optio.
1869,779,156,1,6733,6733,
1870,779,155,3,8980,26940,
1871,780,110,1,5957,5957,
1872,780,108,3,3443,10329,
1873,780,109,1,10763,10763,
1874,781,109,1,10763,10763,
1875,781,108,1,3443,3443,
1876,781,110,2,5957,11914,Pariatur odio sunt consequuntur adipisci.
1877,782,188,2,5409,10818,
1878,783,104,1,5095,5095,Odio dolorem enim quod.
1879,784,223,3,2577,7731,
1880,784,226,3,3540,10620,
1881,785,208,2,4480,8960,
1882,785,207,3,9939,29817,
1883,785,210,3,4002,12006,
1884,786,276,3,6650,19950,Modi nisi eaque dolorem voluptates nesciunt.
1885,787,109,3,10763,32289,Consequatur laboriosam omnis ut.
1886,787,108,1,3443,3443,
1887,788,123,1,6339,6339,
1888,789,111,2,5533,11066,
1889,789,112,2,11039,22078,
1890,789,113,1,7117,7117,Ut cumque id voluptate omnis.
1891,790,243,2,1579,3158,
1892,791,25,2,7171,14342,
1893,792,237,3,4618,13854,
1894,792,236,3,4328,12984,
1895,792,238,2,11513,23026,
1896,793,179,2,2229,4458,
1897,793,178,3,4605,13815,
1898,793,177,2,6379,12758,
1899,794,225,3,5939,17817,
1900,794,227,1,3864,3864,
1901,794,226,2,3540,7080,
1902,794,223,2,2577,5154,
1903,795,145,1,5776,5776,
1904,796,53,1,8754,8754,Vel placeat cumque aliquam.
1905,796,50,1,8139,8139,Voluptates odio veniam amet impedit architecto.
1906,796,49,2,6442,12884,
1907,797,8,2,9922,19844,
1908,797,11,1,2622,2622,
1909,797,9,2,8995,17990,
1910,798,266,3,1789,5367,
1911,798,264,1,4099,4099,
1912,798,270,3,2441,7323,
1913,798,267,2,2537,5074,
1914,799,126,3,10343,31029,
1915,799,125,1,2746,2746,
1916,799,124,3,5031,15093,
1917,800,15,2,2649,5298,
1918,800,12,2,7236,14472,
1919,801,128,2,6440,12880,
1920,801,130,2,7053,14106,
1921,801,129,3,6591,19773,Debitis placeat accusamus.
1922,801,132,2,8663,17326,
1923,802,106,2,9459,18918,
1924,802,105,3,10795,32385,
1925,802,102,3,6781,20343,
1926,803,8,1,9922,9922,
1927,804,111,3,5533,16599,
1928,805,274,2,2223,4446,
1929,806,101,3,11852,35556,Recusandae occaecati aperiam eaque rem quas.
1930,806,98,3,6530,19590,
1931,806,99,3,7896,23688,
1932,807,160,1,5856,5856,
1933,807,161,3,8344,25032,
1934,807,159,1,4883,4883,Dolorum reiciendis quaerat. Dolores quisquam sed.
1935,808,108,3,3443,10329,
1936,809,261,3,8685,26055,Voluptatem maiores error aliquid.
1937,809,263,1,7080,7080,
1938,809,262,3,3263,9789,Voluptate cupiditate fugit officia.
1939,809,259,2,9618,19236,
1940,810,243,1,1579,1579,
1941,810,240,3,11849,35547,
1942,811,235,2,4890,9780,
1943,811,229,2,6725,13450,Placeat fugit adipisci repellat omnis nobis sed.
1944,811,232,1,5414,5414,
1945,811,228,3,4231,12693,
1946,812,137,2,10235,20470,
1947,813,91,3,2970,8910,
1948,813,85,3,5447,16341,Cum delectus dignissimos impedit.
1949,813,89,2,4105,8210,
1950,813,90,3,7788,23364,
1951,814,97,3,5936,17808,
1952,814,93,3,2550,7650,Itaque blanditiis accusamus eligendi.
1953,814,94,3,1711,5133,
1954,815,173,3,11626,34878,
1955,815,174,3,1922,5766,
1956,815,176,1,9521,9521,
1957,815,175,2,7345,14690,
1958,816,49,2,6442,12884,
1959,816,48,2,11229,22458,
1960,816,50,2,8139,16278,
1961,817,166,1,11489,11489,
1962,818,201,3,8359,25077,
1963,818,204,3,1584,4752,Non iure vitae unde blanditiis ea.
1964,818,203,1,2838,2838,
1965,818,202,1,6999,6999,Iure officia pariatur.
1966,819,272,3,3020,9060,
1967,819,271,3,3207,9621,
1968,820,101,3,11852,35556,
1969,821,13,3,10381,31143,
1970,821,14,2,7585,15170,
1971,821,12,2,7236,14472,
1972,822,240,2,11849,23698,
1973,822,241,3,6559,19677,
1974,822,239,1,4746,4746,
1975,822,242,3,5325,15975,
1976,823,25,2,7171,14342,
1977,823,22,3,3726,11178,
1978,823,21,3,5044,15132,
1979,823,24,1,6978,6978,
1980,824,7,3,3624,10872,
1981,825,62,3,2816,8448,
1982,825,61,2,5606,11212,
1983,826,193,2,2805,5610,
1984,827,150,2,9947,19894,
1985,827,151,1,6936,6936,
1986,827,148,2,8728,17456,
1987,828,150,2,9947,19894,
1988,829,243,1,1579,1579,
1989,829,241,2,6559,13118,
1990,829,240,1,11849,11849,
1991,829,242,1,5325,5325,
1992,830,48,2,11229,22458,
1993,830,50,1,8139,8139,
1994,830,51,1,6676,6676,
1995,831,57,1,11545,11545,
1996,831,58,1,6672,6672,
1997,831,55,3,9600,28800,
1998,832,46,1,5990,5990,
1999,832,45,3,3333,9999,
2000,832,44,2,6298,12596,
2001,832,43,3,1984,5952,Vero beatae sapiente tempore incidunt.
2002,833,201,2,8359,16718,
2003,833,204,3,1584,4752,
2004,834,101,3,11852,35556,
2005,834,100,3,11524,34572,
2006,835,240,2,11849,23698,
2007,835,243,1,1579,1579,
2008,835,242,1,5325,5325,
2009,836,155,2,8980,17960,
2010,836,157,3,7999,23997,
2011,837,41,1,3837,3837,
2012,838,274,2,2223,4446,
2013,838,275,1,3115,3115,
2014,839,211,1,2882,2882,
2015,839,209,1,7056,7056,
2016,839,210,1,4002,4002,Pariatur quo dignissimos.
2017,839,206,1,3686,3686,
2018,840,243,3,1579,4737,
2019,840,242,2,5325,10650,
2020,840,239,3,4746,14238,
2021,840,240,3,11849,35547,
2022,841,112,2,11039,22078,Sit voluptas aut.
2023,841,113,1,7117,7117,
2024,841,111,2,5533,11066,
2025,842,9,3,8995,26985,
2026,843,239,1,4746,4746,
2027,843,240,1,11849,11849,
2028,843,241,3,6559,19677,
2029,843,242,2,5325,10650,Eius molestiae libero porro consectetur a sed.
2030,844,111,1,5533,5533,Natus eius tempora magni.
2031,845,189,3,5501,16503,
2032,845,190,3,4952,14856,
2033,845,192,3,10008,30024,
2034,846,174,2,1922,3844,
2035,847,196,3,6959,20877,
2036,847,198,1,5231,5231,
2037,848,67,1,3245,3245,
2038,848,69,2,11228,22456,
2039,849,262,3,3263,9789,Consectetur eum fugiat ratione amet ex.
2040,849,258,1,6486,6486,
2041,849,261,3,8685,26055,
2042,849,263,1,7080,7080,
2043,850,118,3,8424,25272,
2044,850,115,3,5571,16713,
2045,851,125,3,2746,8238,
2046,851,127,2,10416,20832,
2047,851,121,3,5681,17043,
2048,851,122,3,11713,35139,
2049,852,275,2,3115,6230,
2050,852,274,3,2223,6669,
2051,853,147,2,10445,20890,
2052,853,152,2,10974,21948,
2053,853,150,3,9947,29841,
2054,853,149,3,5345,16035,
2055,854,176,1,9521,9521,
2056,854,174,1,1922,1922,
2057,855,122,3,11713,35139,
2058,855,121,2,5681,11362,
2059,855,127,2,10416,20832,Vero culpa sit architecto sequi eius commodi.
2060,855,125,1,2746,2746,
2061,856,112,1,11039,11039,
2062,857,72,2,7860,15720,
2063,857,71,3,4810,14430,Beatae dolore magni sapiente explicabo.
2064,857,67,1,3245,3245,
2065,857,70,1,5076,5076,
2066,858,247,3,8887,26661,
2067,858,248,3,3918,11754,
2068,859,106,3,9459,28377,
2069,860,4,3,7091,21273,
2070,860,5,1,3216,3216,
2071,861,116,1,7532,7532,Ab facilis ea voluptatibus officia.
2072,861,119,1,5409,5409,
2073,862,118,1,8424,8424,
2074,863,58,1,6672,6672,Molestiae delectus occaecati.
2075,863,57,1,11545,11545,
2076,863,56,1,7841,7841,
2077,864,66,1,1776,1776,
2078,864,72,1,7860,7860,
2079,864,70,3,5076,15228,Fugit magni voluptatem nisi.
2080,865,68,2,3227,6454,Quod laboriosam sit placeat voluptatum suscipit.
2081,865,70,1,5076,5076,
2082,865,69,1,11228,11228,
2083,866,89,1,4105,4105,
2084,866,87,1,9521,9521,
2085,867,36,1,6042,6042,
2086,867,32,1,3871,3871,
2087,867,38,1,2859,2859,
2088,867,34,1,5774,5774,
2089,868,197,1,11228,11228,
2090,868,196,1,6959,6959,Atque voluptatem ipsum consequatur vitae.
2091,869,160,1,5856,5856,
2092,869,159,3,4883,14649,
2093,870,194,1,10834,10834,
2094,870,193,2,2805,5610,
2095,871,162,2,9707,19414,Quasi architecto eveniet dolore porro.
2096,871,161,1,8344,8344,
2097,871,159,2,4883,9766,
2098,871,165,1,11836,11836,
2099,872,146,3,4571,13713,
2100,873,27,3,10234,30702,
2101,873,28,3,10524,31572,
2102,873,26,3,9391,28173,Repellat labore nostrum at.
2103,873,31,1,9801,9801,Quo quidem recusandae.
2104,874,83,3,10070,30210,
2105,875,248,1,3918,3918,
2106,875,246,2,11656,23312,
2107,875,249,2,7149,14298,
2108,876,65,3,9489,28467,
2109,876,60,1,7521,7521,
2110,876,61,1,5606,5606,At aut error dolor.
2111,876,63,1,2996,2996,Quisquam praesentium animi quos optio.
2112,877,173,2,11626,23252,
2113,877,176,2,9521,19042,
2114,877,175,3,7345,22035,
2115,877,174,1,1922,1922,
2116,878,112,2,11039,22078,
2117,878,113,1,7117,7117,
2118,879,98,2,6530,13060,
2119,879,101,1,11852,11852,
2120,879,99,2,7896,15792,
2121,879,100,1,11524,11524,
2122,880,218,2,5336,10672,
2123,880,216,2,6834,13668,
2124,880,214,1,10662,10662,
2125,881,199,1,10787,10787,
2126,881,197,3,11228,33684,Ut ex ipsa autem officia.
2127,882,97,3,5936,17808,
2128,882,93,1,2550,2550,
2129,882,92,3,11588,34764,
2130,882,96,1,2567,2567,
2131,883,97,1,5936,5936,
2132,883,94,3,1711,5133,
2133,884,180,3,4550,13650,Aut ducimus omnis occaecati iusto.
2134,884,184,3,10825,32475,
2135,884,181,2,3993,7986,
2136,884,182,1,10707,10707,
2137,885,179,1,2229,2229,Aliquid praesentium minima.
2138,886,232,1,5414,5414,Aut nisi facilis magni sunt fuga at.
2139,886,233,1,11547,11547,
2140,886,231,2,9909,19818,
2141,887,10,2,10859,21718,
2142,887,8,1,9922,9922,
2143,888,179,3,2229,6687,
2144,888,178,2,4605,9210,Esse ex nostrum esse similique nihil.
2145,888,177,1,6379,6379,
2146,889,173,3,11626,34878,
2147,889,175,1,7345,7345,
2148,889,176,3,9521,28563,Error voluptate alias praesentium.
2149,889,174,1,1922,1922,
2150,890,261,3,8685,26055,
2151,890,263,1,7080,7080,
2152,890,262,2,3263,6526,Ipsa accusantium aliquid sed saepe deserunt.
2153,891,173,3,11626,34878,
2154,892,192,1,10008,10008,Libero nisi facere deserunt magni itaque neque.
2155,892,189,2,5501,11002,
2156,893,183,3,6913,20739,
2157,894,38,1,2859,2859,
2158,894,33,3,2513,7539,
2159,894,39,2,3512,7024,
2160,894,34,3,5774,17322,
2161,895,177,1,6379,6379,
2162,895,178,1,4605,4605,
2163,895,179,2,2229,4458,
2164,896,210,2,4002,8004,
2165,897,127,1,10416,10416,
2166,897,125,2,2746,5492,Fuga vero error commodi nobis similique.
2167,897,123,1,6339,6339,
2168,898,178,1,4605,4605,
2169,898,177,2,6379,12758,
2170,898,179,2,2229,4458,
2171,899,211,3,2882,8646,Quod illo veritatis animi. Quidem rem officiis.
2172,899,209,3,7056,21168,
2173,899,210,3,4002,12006,
2174,900,42,2,2982,5964,
2175,900,40,2,6157,12314,
2176,901,25,3,7171,21513,Ea laboriosam soluta rem facere.
2177,902,67,2,3245,6490,
2178,903,66,1,1776,1776,
2179,903,71,2,4810,9620,
2180,904,9,2,8995,17990,Corporis dicta deleniti voluptatum sint esse.
2181,904,11,2,2622,5244,
2182,904,10,1,10859,10859,
2183,905,199,3,10787,32361,
2184,905,198,3,5231,15693,Aspernatur porro totam eaque eaque quo.
2185,905,200,2,6030,12060,
2186,905,196,1,6959,6959,
2187,906,42,2,2982,5964,
2188,906,40,1,6157,6157,Quos hic ipsam earum optio. Rem mollitia officia.
2189,906,41,1,3837,3837,Quisquam architecto a eligendi quas iste.
2190,907,61,1,5606,5606,Quae optio vero consequuntur sequi.
2191,908,11,1,2622,2622,
2192,908,8,1,9922,9922,
2193,908,9,3,8995,26985,Vel facilis temporibus deleniti.
2194,909,135,2,2377,4754,Nulla at molestiae quae voluptates illo iusto.
2195,910,236,1,4328,4328,
2196,910,238,1,11513,11513,
2197,911,195,1,6940,6940,
2198,911,194,2,10834,21668,
2199,911,193,3,2805,8415,Modi earum dolores temporibus odit.
2200,912,136,1,9075,9075,
2201,912,134,3,6024,18072,
2202,912,135,1,2377,2377,
2203,912,137,2,10235,20470,In eius asperiores.
2204,913,154,3,9354,28062,
2205,914,176,2,9521,19042,
2206,915,6,3,3388,10164,
2207,916,64,1,1896,1896,
2208,916,60,3,7521,22563,
2209,917,132,1,8663,8663,Voluptas porro unde ad.
2210,917,133,2,2638,5276,
2211,917,130,3,7053,21159,Iure molestiae blanditiis.
2212,918,145,1,5776,5776,
2213,918,146,2,4571,9142,
2214,918,144,1,9076,9076,
2215,919,158,3,7044,21132,
2216,919,157,3,7999,23997,
2217,920,185,1,3690,3690,
2218,921,42,1,2982,2982,
2219,921,41,2,3837,7674,
2220,921,40,1,6157,6157,Occaecati incidunt architecto quisquam.
2221,922,92,2,11588,23176,
2222,923,151,3,6936,20808,
2223,924,160,1,5856,5856,
2224,924,162,1,9707,9707,
2225,924,163,3,7481,22443,Mollitia sapiente harum aperiam vitae.
2226,924,165,3,11836,35508,
2227,925,263,1,7080,7080,
2228,926,171,1,2963,2963,
2229,927,116,3,7532,22596,
2230,927,117,1,9409,9409,
2231,927,115,1,5571,5571,
2232,927,118,1,8424,8424,Non iste dolorem. Quod quasi non voluptates.
2233,928,17,3,11276,33828,Porro alias maiores ad.
2234,928,13,3,10381,31143,
2235,928,16,2,6043,12086,
2236,929,240,1,11849,11849,
2237,929,239,2,4746,9492,Enim ad et optio sed cupiditate.
2238,930,31,3,9801,29403,
2239,930,30,3,7823,23469,
2240,931,76,2,10820,21640,Nobis sequi cum laudantium sapiente.
2241,931,75,1,11732,11732,
2242,932,54,1,7520,7520,Nihil quod natus ipsam atque.
2243,932,57,1,11545,11545,Iusto esse voluptas exercitationem sed.
2244,933,258,3,6486,19458,
2245,934,251,2,7215,14430,Culpa quia iure reprehenderit eveniet.
2246,935,241,2,6559,13118,
2247,935,243,3,1579,4737,
2248,936,5,1,3216,3216,
2249,936,4,3,7091,21273,
2250,936,6,1,3388,3388,
2251,937,273,2,8482,16964,
2252,937,272,2,3020,6040,
2253,938,243,2,1579,3158,Libero nam doloremque labore.
2254,938,241,1,6559,6559,
2255,938,242,2,5325,10650,
2256,938,240,3,11849,35547,
2257,939,14,2,7585,15170,
2258,939,18,3,5545,16635,
2259,939,13,1,10381,10381,
2260,939,17,1,11276,11276,
2261,940,157,2,7999,15998,Pariatur deleniti laudantium eveniet.
2262,940,156,2,6733,13466,Accusamus harum praesentium unde debitis.
2263,941,206,3,3686,11058,
2264,942,186,1,11180,11180,
2265,942,187,2,4279,8558,
2266,942,185,2,3690,7380,
2267,943,14,3,7585,22755,
2268,943,15,3,2649,7947,
2269,943,17,1,11276,11276,Quisquam cupiditate omnis id unde tempora.
2270,944,29,2,5237,10474,
2271,945,48,2,11229,22458,
2272,945,52,2,7592,15184,
2273,945,47,1,1554,1554,
2274,946,98,1,6530,6530,
2275,947,93,2,2550,5100,
2276,947,94,2,1711,3422,
2277,948,30,3,7823,23469,
2278,949,232,3,5414,16242,
2279,949,233,2,11547,23094,
2280,950,126,3,10343,31029,Quasi magnam doloribus.
2281,950,124,3,5031,15093,Dolores velit alias deleniti odit.
2282,951,244,3,7482,22446,
2283,952,139,1,4139,4139,
2284,952,137,3,10235,30705,
2285,952,134,3,6024,18072,
2286,953,196,3,6959,20877,
2287,953,198,1,5231,5231,
2288,954,261,2,8685,17370,
2289,954,260,3,11017,33051,
2290,954,262,1,3263,3263,Dolorem excepturi laudantium est ipsa.
2291,955,84,3,3027,9081,
2292,956,67,3,3245,9735,Reprehenderit nulla eius voluptatum molestias.
2293,957,111,1,5533,5533,
2294,958,216,3,6834,20502,
2295,958,215,1,8552,8552,
2296,958,213,2,2184,4368,
2297,959,167,2,11128,22256,Enim quam sed quasi. Sapiente earum unde nisi.
2298,959,169,1,8076,8076,Asperiores in id aliquam non cumque provident.
2299,959,168,1,11473,11473,Debitis assumenda voluptate voluptatum.
2300,959,171,1,2963,2963,
2301,960,175,2,7345,14690,Nisi quis pariatur dolorum officiis odit.
2302,960,174,1,1922,1922,Vitae voluptatem impedit laborum ipsam.
2303,960,173,3,11626,34878,
2304,961,86,1,8262,8262,
2305,961,88,3,9368,28104,
2306,961,85,3,5447,16341,
2307,961,87,1,9521,9521,
2308,962,100,3,11524,34572,
2309,962,98,3,6530,19590,
2310,962,101,3,11852,35556,Minus repellendus temporibus autem.
2311,963,122,2,11713,23426,
2312,963,125,3,2746,8238,Eveniet neque itaque est odit.
2313,963,126,1,10343,10343,
2314,963,124,1,5031,5031,Mollitia explicabo accusantium adipisci maxime.
2315,964,5,1,3216,3216,
2316,964,4,1,7091,7091,
2317,964,6,2,3388,6776,
2318,964,1,3,5074,15222,Voluptatum beatae ipsa ad officiis.
2319,965,250,3,2549,7647,Veniam rerum eos esse impedit eaque.
2320,965,255,1,6584,6584,
2321,966,11,2,2622,5244,
2322,966,10,2,10859,21718,Iure aliquam cupiditate dolores aperiam optio.
2323,966,8,1,9922,9922,Reiciendis dolorum nemo cumque voluptate sunt.
2324,966,9,2,8995,17990,
2325,967,255,2,6584,13168,
2326,967,254,2,3210,6420,
2327,967,251,2,7215,14430,
2328,967,252,3,7142,21426,
2329,968,196,3,6959,20877,
2330,968,199,3,10787,32361,
2331,969,145,2,5776,11552,
2332,969,146,1,4571,4571,
2333,969,144,3,9076,27228,
2334,970,174,1,1922,1922,
2335,971,68,2,3227,6454,Ea ut unde deleniti.
2336,971,66,1,1776,1776,
2337,972,40,3,6157,18471,
2338,973,272,1,3020,3020,
2339,973,271,3,3207,9621,
2340,973,273,2,8482,16964,Asperiores corrupti labore velit autem.
2341,974,30,1,7823,7823,
2342,975,259,3,9618,28854,
2343,975,261,3,8685,26055,
2344,975,260,2,11017,22034,Et blanditiis totam esse.
2345,976,193,2,2805,5610,
2346,976,195,2,6940,13880,
2347,976,194,1,10834,10834,Minima iusto laborum nemo deserunt.
2348,977,189,1,5501,5501,Aut aperiam ab sed ipsum.
2349,978,176,2,9521,19042,
2350,978,174,2,1922,3844,
2351,979,138,1,5681,5681,
2352,979,135,3,2377,7131,
2353,979,136,1,9075,9075,
2354,979,134,2,6024,12048,
2355,980,233,1,11547,11547,Nobis expedita enim ab.
2356,980,229,1,6725,6725,
2357,980,235,2,4890,9780,
2358,981,108,3,3443,10329,
2359,981,109,1,10763,10763,
2360,981,110,1,5957,5957,
2361,982,271,2,3207,6414,
2362,983,204,2,1584,3168,
2363,983,205,1,1516,1516,
2364,983,201,3,8359,25077,
2365,984,108,2,3443,6886,
2366,984,109,1,10763,10763,
2367,984,110,1,5957,5957,
2368,985,48,1,11229,11229,
2369,985,50,2,8139,16278,
2370,986,15,1,2649,2649,
2371,986,18,3,5545,16635,Repellat cupiditate non officiis.
2372,987,255,1,6584,6584,
2373,987,252,1,7142,7142,
2374,988,201,1,8359,8359,
2375,988,205,3,1516,4548,
2376,988,204,3,1584,4752,
2377,988,203,3,2838,8514,
2378,989,136,1,9075,9075,
2379,989,138,3,5681,17043,
2380,989,135,2,2377,4754,Fugiat nemo fuga possimus. A laboriosam dicta ea.
2381,990,185,2,3690,7380,Distinctio molestiae suscipit vel officiis non.
2382,990,186,3,11180,33540,Amet aperiam corrupti animi.
2383,991,134,1,6024,6024,
2384,992,105,2,10795,21590,
2385,992,102,2,6781,13562,
2386,992,107,1,3458,3458,
2387,993,228,3,4231,12693,
2388,993,232,3,5414,16242,
2389,993,230,1,8886,8886,Odio alias ut consequatur.
2390,993,234,1,8800,8800,
2391,994,95,3,5073,15219,
2392,995,12,2,7236,14472,Quisquam vel distinctio maiores illo.
2393,995,13,1,10381,10381,
2394,995,16,2,6043,12086,
2395,996,58,3,6672,20016,
2396,996,55,2,9600,19200,Sit quae laboriosam id quibusdam.
2397,997,269,3,4268,12804,
2398,998,187,1,4279,4279,Voluptate facere expedita adipisci ullam iste.
2399,998,185,1,3690,3690,Nam nesciunt ab tempora neque sunt.
2400,998,186,2,11180,22360,
2401,999,131,1,7980,7980,
2402,999,132,1,8663,8663,
2403,999,128,1,6440,6440,
2404,999,129,2,6591,13182,
2405,1000,187,1,4279,4279,
2406,1000,185,2,3690,7380,
2407,1000,186,1,11180,11180,Nostrum ut totam eligendi eum id aspernatur.
